﻿name;position;profession;profexp;anotherexp;strongs;contacts
Лена Дьякова;PR-менеджер, Фоксфорд, Москва;Public Relations;3;Работала в SEO, менеджерила разработку внутренних SEO-инструментов и ERP.;Построение работы PR в IT, процессы, метрики, стратегия.;@lena_diakova (telegram)
Ирина Рысляева;Head of Communications, Wisebits Group, Cyprus;Public Relations;11;"Внутренний маркетинг в Big4 (3 года), коммуникации в legal, consumer electronics, product IT; sponsorship & event management. Волонтерство в Mesto.";"Media relations;
communications (internal, external);  
events";Telegram: ira_rys
