﻿name;position;profession;profexp;anotherexp;strongs;contacts
Анна Денисова;аналитик в KODE (Калининград);Аналитика, работа с данными;2;Программист 1С, помощник директора инновационного парка, специалист по продвижению РИД. По году примерно каждая;Аналитика, культура работы с данными, системная аналитика, data knowledge менеджмент, системное мышление;https://t.me/anabanana312
Даниил;Аналитик в Rick.ai (Пермь);Аналитика, работа с данными;2;2 года - инженер транспортной сети в Теле2 (интернет, коммутаторы и т.д.). 1,5 года работы дизайнером сайтов;Аналитика, юнит-экономика, поиск корневых причин, описание JTBD сценариев, коридорные тесты;Телеграм @rda01001
Екатерина;Продуктовый аналитик, Wrike, SPb;Аналитика, работа с данными;2;1 год, финансовый аналитик, Wrike;Статистика, A/B эксперименты, построение ML-моделей для поиска условий adoption и engagement метрик, аналитика, dashboards, юнит-экономика + построение финансовых моделей, сочетание качественного фидбека и количественных данных, поиск use cases в данных;Телеграм - @katerinazaitseva
Макушина Александра;Системный аналитик в СКБ Контуре, Екатеринбург;Аналитика, работа с данными;2;Во время обучения в универе сразу попала на работу;"Статистика, метрики продукта, эксперименты. Это то, на что идёт большой упор в моей работе. В своей команде я запускала процесс сбора и анализа метрик с нуля. И сейчас продолжаю это делать. Могу поделиться опытом, рассказать как при наличии минимальных данных можно выжимать из них все что тебе нужно и принимать на основе этого решения. Могу помочь разобраться со всеми техническими сторонами профессии аналитика/продукта. Что нужно знать минимально для общения на одном языке с разработчиком. Как можно оптимизировать процессы. А что можно сделать автоматически самому, вот своими руками и минимальными затратами. 

Я уже работала ментором в рамках найма в своей компании. Моя сильная личная сторона это энтузиазм. Готова помочь начинающему специалисту с его стартом в карьере. Рассказать про курсы, книги, каналы и конференции, которые помогли в прошлом развиться мне (да что уж, и до сих пор).";Tg: @acarnotaurus
Юлия Соловьева;Аналитик продукта, Helio Games, Кипр;Аналитика, работа с данными;2;Аналитик продукта не в геймдеве, преподаватель в Яндекс.Практикум;Мобильная аналитика, сквозная аналитика, аналитика с нуля в маленьких стартапах :);телеграм @yunuki
Рамиз;Бизнес аналитик в Тинькофф;Аналитика, работа с данными;2;Аналитик отчетности (sql много) - год;Коммуникации (как добиться задачи в срок, нужной информации, комфортной атмосферы в команде и тд), настройка бизнес процессов, описание задач;Tg: rmzkv mail: ramizzakiev@yandex.ru
Вера Мариненская;Системный аналитик в аутсорсе, перехожу в Сравни.ру;Аналитика, работа с данными;2;программист-консультант 1с, 5 лет;системный анализ, сбор и анализ требований от заказчика, работа внутри команды разработки;@simp11ex в ТГ
Плетнев Александр;"- Oliver Wyman: Data Scientist (Москва); стартап Choco Communications (Берлин, сейчас удаленно).";Аналитика, работа с данными;2;Philip Morris International (1 год в 5 разных отделах). После этого поступил в Сколтех на Data Science, где в течение 2-го курса работал в немецком стартапе в Берлине;Моя экспертиза в Data Science, но, как специалист T-shaped, разбираюсь и в смежных вещах: аналитика, статистика, коммуникация, финансы, стратегия;@pletnev_aleksandr или pletnev_aleksandr@outlook.com
Борис Голдобин;Продуктовый аналитик, Где мои дети, Россия Пермь;Аналитика, работа с данными;3;нет;система проведения АБ тестирования , аналитика, работа с данными, Grafana,Unit-economy, аналитика мобильного приложения, lt подписок;https://t.me/Boris_Goldobin
Айжан Тлеубаева;"Middle разработчик,  ТОО ""Almanit"", Алматы";Аналитика, работа с данными;5;Нет;Sql для начинающих;aizhantd
Сергей;Маркетинговый аналитик в Scentbird (Спб);Аналитика, работа с данными;4;диджитал маркетолог 1 год ( трафик, seo и тд и тп);"Как настроить аналитику для маркетинга
Как посчитать ROI и не умереть
Как сделать отношение LTV/CAC хотя бы больше единицы)";@svmakarovv
Артур Самигуллин;Продуктовый аналитик, Сбер (Sberdevices), Remote;Аналитика, работа с данными;4;"Эникейщик в университете и консалтинге, 3 года
Разнорабочий на стройке, суммарно полгода";"Дата аналитика - сбор данных, А/Б тесты, Python&SQL, краудсорсинг (Толока)
ML/AI продукты
Voice UI и многоповерхностные системы";t.me/neurodeus
Дмитрий Баранов;Аналитик;Аналитика, работа с данными;5;1 год Product manager (Trainee, Junior), 1 год преподавание (робототехника),  7 лет в сфере страхования, в т.ч. на руководящих должностях;"Пригожусь начинающим аналитикам (работал со стажерами в Сбере). 
Разные направления в аналитике блока HR. 
Готов подсказать по выбору инструментов для аналитики. 
Вопросы работы с заинтересованными лицами. 
Работа в крупной компании.";Telegram: @dmitriy_t_acc
Анна;Аналитик, Циан;Аналитика, работа с данными;4;нет;Аналитика, отчетность self-service, управление ожиданиями, коммуникация с заказчиками;Телеграм annagrieg
Вова;Team-lead аналитиков в Тинькофф;Аналитика, работа с данными;4;Репетиторствовал;Бизнес-аналитика, коммуникации, управление командой;@vpremez (Телеграм)
Влада;Senior Digital Analyst, McKinsey London;Аналитика, работа с данными;3;Две летние стажировки в Google Ireland;"1. Communication
2. Problem solving and data driven decisions
3. Digital business building";Телеграм @vladarau
Марина Лаптева;не работаю сейчас, до этого риск-менеджер в Сбербанке;Аналитика, работа с данными;3;более 1,5 лет в ит-комапнии бизнес-аналитиком;Управление рисками;@marinalapteva в телеграме
Чернышова Александра;UX-Analyst, Find My Kids, Perm;Аналитика, работа с данными;3;нет;Коммуникации, аналитика коммуникаций с клиентом и управление каналами коммуникаций, UX-исследования, аналитика поведения пользователя в моб.приложении;telegram: SASHA_CHEE
Катя;Отвечаю за направление marketplace efficiency в Сбермаркет (Москва);Аналитика, работа с данными;5;Развивала свой проект, преподавала;Аналитика и поиск себя в ней, софты для аналитика и почему это важно;telegram @polykate
Виолетта;Аналитик в Яндекс Практикум;Аналитика, работа с данными;4;1 год инженером;Коммуникация, аналитика;в телеграм @letasm
Аина;аналитик в Prisma Labs (Москва);Аналитика, работа с данными;4;2 года на позиции аналитика в разных компаниях;аналитика, А/В тесты, рисечи;телеграм @nurma_a
Влад Метелев;Продуктовый аналитик в Ultimate Guitar;Аналитика, работа с данными;6;маркетинговый аналитик (3 года);Продуктовая аналитика (мобильная и веб-аналитика), проведение экспериментов и построение системы a/b-тестирования, поиск инсайтов в данных, сегментация и кластеризация пользователей, персонализация пользовательского опыта;Телеграм (@fameowner)  почта: metelev.vladislav@gmail.com
Филипп Управителев;продуктовый аналитик в Pixonic (геймдев);Аналитика, работа с данными;7;Аспирантура по когнитивной психологии, преподавание (впрочем, сейчас тоже преподаю);Аналитика, статистика, исследования;upravitelev@gmail.com, tg:@konhis
Игорь Полянский;Head of Global Product Analytics;Аналитика, работа с данными;7;Программист (1 год) - Edtech, Маркетинг (1 год) - агентство, Project Management (3 года) - E-commerce;"1. Развивать аналитиков, выстраивать индивидуальные треки как внутри аналитики, так и горизонтальные переходы. 
2. Как перейти из аналитика в тимлида.
3. Менеджмент команды и выстраивание процессов.
4. Создание аналитической культуры в компании.";@ipolyansky, +79104616689, https://www.facebook.com/i.o.polyansky
Никита Котляров;Wrike - Senior Analytics Engineer;Аналитика, работа с данными;8;Нет;Аналитика, бизнес-метрики, Tableau, SQL;@nkotlyarov
Екатерина;старший бизнес аналитик Единая электронная торговая площадка;Аналитика, работа с данными;9;да, продажи, сопровождение, бизнес-процессы и аналитика в страховых компаниях;сбор данных для аналитики, сценарии аналитики, тестирования функционала, оптимизация бизнес-процессов, организация и коммуникация;ватс апп, телеграм - 8 916 524 3783
Владимир Лагутинский;Data Project Manager, Omio (Берлин);Аналитика, работа с данными;13;Всего 13 лет в области аналитики данных, начиная с Data Analyst до Head of Business Intelligence;Стратегия в аналитике, построние команд аналитики, коммуникации со стейкхолдерами, продуктовый подход в разработке аналитический систем;lagutinskiy@gmail.com/Zoom/Google Meet    Telegram: @lagutinskiy
Ruslan;Продакт аналитик, Geozilla (Киев);Аналитика, работа с данными;12;Нет;Дешборды, ETL, метрики, базы данных, выводы, гипотезы;Telegram +380673432799
Анна;Сбер сс 360 аналитик по метрикам;Аналитика, работа с данными;10;Бух и упр учет, внедрения 1с;Все выше перечисленное  :);89266453654
Марина Архипцева;Старший разработчик в GlowByte (СПб);Аналитика, работа с данными;10;Преподавание 2 года;SQL, PLSQL, Python для начинающих;https://t.me/marinaArh
