﻿name;position;profession;profexp;anotherexp;strongs;contacts
Лидия Борисенко;Руководитель R&D и управления данными в группе Московская Биржа;Продажи, развитие бизнеса;2;3 года экспериментальная физика, 1 год редактор-копирайтер, 3 года управление обеспечением для инвестиционного бизнеса (процессы, риск-менеджмент, структурирование сделок) + 1.5 года руководительница проектов и 1 год продакт (внутренние продукты), 1.5 года B2B продакт (Ценовой центр);Стратегия, финансовые сервисы и инвестиционные продукты, оптимизация процессов, выбор методологии под команду/проект (agile, waterfall, итерационные проектные подходы, связка нескольких подходов в корпорации), упаковка сложных тем в простые слова и слайды, подбор людей для технически ёмких продуктов, оценка рентабельности проектов, B2B бизнес девелопмент;@adilialab +79295552926
Екатерина;Аккаунт-менеджер Stepik (Челябинск);Продажи, развитие бизнеса;1;• Предприниматель c 10-м опытом • Бизнес-консультант по методике обратного планирования целй • Автор курса «Управление личными финансами: финграмота»;Финграмота , Планирование, Логические уловки;+79080405079 viber, telegram
Леша;Международный бизнес-девелопер в Dodo Pizza (Москва));Продажи, развитие бизнеса;2;Маркетинг – 2 года, Собственный бизнес – 3 года;Коммуникация, управление многоуровневым проектом, выход на новых рынок, франчайзинг.;Написать на почту или в любой мессенджер (+380962979661)
Дмитрий Суслов;CRM менеджер в Учи.ру;Продажи, развитие бизнеса;5;2 года в продажах;"1) Разработка CRM стратегии, 2) разработка карт триггерных сценариев, 3) аудит email маркетинга, 4) работа с базой: сбор и сегментация; 5) выстраивание процессов в CRM командах; 6) генерация и приоритезация гипотез для тестирования.";в Telegram: @dima_sus
Сергей Хавронин;X5 Retail Group;Продажи, развитие бизнеса;5;5 лет -- аналитика (качественная и количественная);"Интересы: геоаналитические/картографические сервисы; сервисы, связанные с недвижимостью; агротех; travel.
Экспертиза: руководство комплексными B2B продуктами; управление большой командой (20-30 чел.); принятие решений на основе данных";tlgrm: @khavronin
Тимур;"Работаю менеджером по продажам, но фактически правая рука директора небольшой компании из Республики Татарстан, г. Елабуга, ООО ""РЕЛИЗ""";Продажи, развитие бизнеса;3;"До этого работал специалистом, а затем аналитиком в компании ""ЭССЕН ПРОДАКШН"", ТМ Махеевъ. Есть опыт работы в игорном бизнесе";Ценности, фокус, планирование. Мои сильные стороны находчивость, пунктуальность, настойчивость.;Telegram @timurshigapov
Маша;Growth Manager (продажи) в AppsFlyer (Тель-Авив);Продажи, развитие бизнеса;3;Product Specialist (между продактом и бизнесом), 1 год;постановка запросов/задач, переговоры (внутри компании и внешние), выстраиваение бизнес (в основном, сейлзовых) процессов;Telegram @MariaYoffe
Зайцев Александр;Менеджер по продукту, Beeline Москва;Продажи, развитие бизнеса;5;2;Управление продажами, мотивация продавцов, выполнение планов более 100%;Телеграм: Lisovsk
Тарас Алтунин;"В2В продавец, Минск, работаю в 2 компаниях + проектно + веду канал ""Заметки продавца В2В"" (7к подписчиков)";Продажи, развитие бизнеса;5;были ещё 5 лет работы в В2с продажах, но в те студенческие годы работал просто ради работы;В2В продажи, найм продавцов, рост продавцов, вывод продажи на новые рынки, на новые сегменты, клиентоориентирование;Telegram: @altunin
Евгений Тер-Авакян;Product Manager Partnerships, Amsterdam;Продажи, развитие бизнеса;6;Журналистика - 8 лет, PR/Marketing - 4 года;Product market fit, b2b sales strategy, business strategy. Интересны b2b проекты ранних стадий в travel, mobility, e-commerce. Могу поговорить про выход на международный рынок.;eujene@eujene.com, tg:eujene
Павел;Менеджер по развитию бизнеса в КОРУС Консалтинг;Продажи, развитие бизнеса;7;Нет;B2B продажи, построение отделов продаж, аналитика продаж, Холодные звонки;Telegram @optimal_price_seeker
Максим Орлов;Head of Sales;Продажи, развитие бизнеса;8;Продажи в банковской отрасли b2b (7 лет);Продажи, построение воронок, лидогенерация b2b;maxorlofff@gmail.com, @maxorloff
Tatyana Vavilova;Основатель teamline-consult.ru;Продажи, развитие бизнеса;10;Предпринимательство, работа с госторгами, информационная безопасность;Продажа в В2В, custdev, работа с гипотезами;@tatyanavavilova     Telegram
Andrey Yanchenko;Netcracker, Директор по продукту и сейлз инжиниринг, Бостон;Продажи, развитие бизнеса;10;Разработка и внедрение - 10 лет;Демонстрации продукта, Продажи Б2Б, Запуск новых продуктов;telegram: @a_yanchenko
Станислав Думал;Директор по развитию бизнеса;Продажи, развитие бизнеса;12;Нет;Могу быть полезен по таким темам: выстраивание системы продаж, выбор/ревью стратегии продаж в разрезе продуктов/рынков, поиск точек роста в системе продаж, постановка личных целей для продавцов, как закрывать длинные b2b продажи и другие темы, связанные с поиском и работой с клиентами. Мне интересен обмен опытом по вопросам поиска и реализации новых возможностей сбыта. Буду рад быть полезным.;telegram: @StanislavDumal
Наталья Сиводед;Предприниматель;Продажи, развитие бизнеса;18;Есть предпринимательский опыт: розничная сеть, производство металлоконструкций. Контент-маркетинг.;Стратегический маркетинг: от идеи, разработки продукта и продвижения до продаж и постпродажного сервиса.;@NataliyaSivoded, nataliasvoded@gmail.com
Ирина Иванова;Директор по развитию стратегических партнерств в Ит компании Автобукинг, Киев, Украина;Продажи, развитие бизнеса;18;нет;"e-commerce: онлайн платежи включая ApplePay, FacePay, варианты подключения и все что с этим связано: боты, P2P, QR, интерчендж, выставление инвойсов, liqpay, платежные агрегаторы, схемы для маркетплейса
могу проконсультировать по кредитованию юр.лиц";@Irina_Ivanova_Kiev
Артур;Продавец в Nvidia, Москва;Продажи, развитие бизнеса;20;4 года, издательский бизнес, верстка, дизайн;Продажи, развитие бизнеса, коммуникации, поскольку в настоящее время обучаюсь в магистратуре по тех.предпринимательству, то будет интересно и по прокачиваемым навыкам поменторить;russia.sales@gmail.com
