﻿name;position;profession;profexp;anotherexp;strongs;contacts
Nastya Rusyn;Marketing Manager, WUBS;Маркетинг;1;Project Manager — 2 years;Strategy, communication;Telegram  @nastya_rusyn
Юля;Тимлид SMM-поддержки Медиасервисов Яндекса (Санкт-Петербург, удаленка);Маркетинг;1;SMM-менеджер у Loqiemean (2 года, неполный день), организатор мероприятий на курсах ЕГЭ (полгода), SMM-саппорт в Медиасервисах Яндекса (1 год);Работа с командой, поддержка продукта B2C в социальных сетях, как составить Tone-of-voice сервиса/поддержки;Обращаться на «ты» и написать в телеге: https://t.me/green_joker
Мария;Head SMM и CM в Playkey;Маркетинг;3;14 лет опыта (всего): специалист техподдержки, комьюнити-менеджер, смм на аутсорсе в качестве ИП;коммуникация, кризисные ситуации и отработка негатива, смм-стратегия;телеграм @maria_macht
Рома;Product marketing manager в Нетологии;Маркетинг;3;Интернет-маркетолог (2 года), project manager (1,5 года);Performance-маркетинг, тестирование гипотез в маркетинге, коммуникация, основы юнит-экономики, маркетинг в сфере образования, маркетинговая аналитика;Телеграм, @grozykin
Полина;Маркетолог в Carrot quest (Пермь);Маркетинг;3;нет;CRM-маркетинг, Jobs to be Done;в телеграме @polya_na_pole
Евгения Ругалева;Маркетолог-аналитик INSYTE (РФ);Маркетинг;5;PR 2 года, SMM 4 года;B2C, продукты с длинным циклом сделки (например, недвижимость, IT). Контент-маркетинг, SMM, PR;Telegram: @jenya_rugaleva, Email: shemyakinajenny@gmail.com
Максим Григорьев;AMA Livestream, Product Marketing Manager, Пермь;Маркетинг;4;Side project «EconoMe» — Product Manager;Концепция бренда, просчёт экономики проекта, анализ рынка, формирование УТП, выбор каналов продвижения, создание CJM, выбор ключевых метрик и создание воронки, тестирование гипотез, работа с маркетинговыми инструментами (email, таргет, контекст);MaxWhatsGoingOn
Татьяна;последние два года - фриланс;Маркетинг;5;маркетолог 7 лет, руководитель производтсвенного отдела в маркетинговом агентстве ( разработка фирм стилей, выставочного сопровождения и тп)  2 года;Аналитика эффективности каналов привлечения, написание текстов, разработка лендингов, оптимизация посадочных страниц, настройка и оптимизация контекстной рекламы;в Telegram @tatyanabatueva, почта batueva.tn8@gmail.com
Мила Курбацкая;Growth Product Manager, PandaDoc (до этого Product Marketing Manager)  - Беларусь;Маркетинг;5;20 лет в маркетинге (pc hardware, b2b, retail, Microsoft, saas startups );Продуктовый маркетинг: запуск продукта, GTM план и его реализация, синк всех команд для запуска, запуск и коммуникация фич и решений, работа маркетинга и продукта по adoption, эффективная работа продукта и маркетинга, ICP исследования, анализ конкурентов и материалы для sales команд;email redygreen@gmail.com
Диана Садыкова;маркетолог в Quality Wolves (Новосибирск);Маркетинг;4;гейм дизайнер (1 год);Аналитика, дизайн информации, ASO;@Kotsu в телеграме
Егор Баландин;Таргетолог, работаю на фрилансе с большими и маленькими компаниями, Индонезия (Бали);Маркетинг;4;Менеджер проектов в диджитал-агентстве, 1 год, проекты в сфере HR-маркетинга (делали сообщества сотрудников М.Видео, Азубки Вкуса, Перекрёстка, Спортмастера и других компаний для снижения стоимости привлечения сотрудников и удержания).;"Так как я таргетолог, то основной мой скилл — привлечение клиентов в бизнес. Я хорошо понимаю готов ли бизнес привлекать клиентов в интернете и если не готов, то что им для этого нужно сделать, как нужно привлекать трафик: какую воронку выбрать, какой канал выбрать, что в первую очередь тестировать. А ещё как посчитать сколько денег нужно на рекламу и сколько она принесет  прибыли, как настроить сквозную аналитику (Рика) так, чтобы понимать сколько приносит тот или иной канал. И конечно, как настроить рекламу в социальных сетях:)

Это то, чем я могу помочь";t.me/balandin_egor
Ирина;Performance marketing, Freeletics (Мюнхен);Маркетинг;3;7 лет, все очень разное - наука, преподавание, бизнес-кейсы, обучающие игры;1) как превращать желания в action plan 2) личная эффективность 3) перфоманс маркетинг 4) как решать бизнес-кейсы (или составлять их) 5) как доносить идеи в презентациях (включая резюме);Почта izhukova87@gmail.com или телеграм @IrinaZhukova
Елизавета Трибунская;Директор по маркетингу в DD Planet (Москва);Маркетинг;5;Digital-маркетолог, главный редактор, коммерческий директор, исполнительный директор;Digital-маркетинг, управление ресурсами, планирование работ;Телеграм @tribunska
Евгения;Трафик-менеджер в Бетринг;Маркетинг;5;Маркетинговый аналитик;Лидогенерация, закупка и аналитика трафика;emart_05@mail.ru
Юлия Фетисова;Product Marketing Manager  платформа интернет-рекламы 7ADS (Санкт-Петербург);Маркетинг;5;Более 5 лет работаю в сфере Digital Маркетинга среди проектов Skyeng, ПМЭФ;"1. Разработка и реализация маркетинговой стратегии
2. Запуск креативных проектов
3. JTBD(Jobs to be Done) и составление Roadmaps
4. Личная эффективность и самообразование";julia.s.fetisova@gmail.com
Оксана;Head of performance marketing в Artics Internet Solutions;Маркетинг;5;ppc-специалист 5 лет;"С какими вопросами могу помочь:
1. Разобраться с тем, почему рекламный канал тратит бюджет, но не приносит деньги;
2. Дать внешнюю оценку тому, что не работает или может работать лучше;
3. Расскажу, как построить perfomance рекламу в компании с нуля и как пересобрать старое;
4. Помогу наработать навыки для перехода на позицию выше (с младшего специалиста до специалиста, со специалиста в руководителя группы).";@Oksana_Dementeva
Рафаэль Еникеев;"Mobile marketing / User acquisition manager
Agency, Киев";Маркетинг;5;Неформальный опыт менторства коллег;Маркетинговая стратегия, Привлечение пользователей в продукт, Увеличения зароботка в профессии или на фрилансе, Личное и Бизнесс-планирование, Счастливая жизнь при больших нагрузках;Телеграм - @rafaelyen
Алёна;Маркетолог и менеджер по онбордингу в Wave.video (Бостон - СПб);Маркетинг;4;Контент-менеджер, копирайтер в IT аутсорсе (2,5 года);Онбординг, видео маркетинг, реклама в Facebook, Google Ads;Telegram: @Alyona_Cherny
Яна;Маркетолог - x.dream.distribution (B2B стартап в Мюнхене), также учусь в магистратуре сейчас в TUM (технический университет Мюнхена) на программе «Consumer Science”;Маркетинг;4;Трафик менеджер (Mail.Ru Group Москва, 1 год), Digital Marketing Manager (Gameloft, Москва, 1.9 лет), Emerge (Head of Marketing, 8 мес);Маркетинговая Стратегия, Inbound Marketing, Маркетинговая коммуникация, Email Marketing;По Email: ya.stupina@gmail.com
Герман Капнин;exHead of Procurement / Mobio / Москва;Маркетинг;5;— Верстка / 1.5 года / Продавал свои услуги по созданию лендингов. Писал html/css и привлекал на подряд разработчиков, чтобы собирать проекты. Делал небольшие проекты, но постепенно сфера интересов сместилась в сторону маркетинга;"– User Acquisition
– Мобильный маркетинг для приложений и сайтов
– Управление и развитие маркетинг команды";telegram @uncap_nin
Никита Сериков;CMO (Digital marketing);Маркетинг;5;Нет;Интернет-маркетинг, управление персоналом, маркетинговые исследования, теория игр;Telegram: sericoff
Илья Денщиков;Head of PPC / Head of Analytics, iProspect Ukraine, Украина;Маркетинг;5;Продажи, 1,5 года.;Performance marketing, Web-аналитика, бизнес аналитика;illia.denshchykov@iprospect.com.ua
Екатерина Чижова;Digital marketing manager at checkaso.io | Санкт-Петербург;Маркетинг;6;Опыт был только в смежных для маркетинга обалстях: PR;Диджитал маркетинг, а именно: построение системы аналитики, внедрение сквозной аналитики, стратегии/тактики интернет-рекламы, расчет юнит-экономики маркетинга, подходы к рекламе через накопленные данные.;k.chizhova1@gmail.com / +79218960610
Кристина Дубровицкая;Предприниматель, маркетолог, стратег, работаю на себя, Москва;Маркетинг;6;Предпринимательство, 7, туризм, инфлюенс-маркетинг, диджитал-маркетинг, сообщества;"Про мои экспертные области можно подробнее почитать на моём сайте. Если кратко: Поколения Y и Z; Потребители — друзья бренда; Генерация и структуризация идей; Комьюнити; Международный опыт";@digitalkris
Евгений Королёв;Head of Performance, Aviasales, MOW;Маркетинг;6;-;стратегия и оптимизация инструментов performance-маркетинга: google ads, yandex.direct, facebook ads, youtube, tiktok ads etc;@moreamoremenow
Дарья Гайошко;продуктовый маркетолог в Readdle (Одесса);Маркетинг;6;организация крупных мероприятий и конференций (3 года);Выбор маркетинговой и коммуникационной стратегий для стартапов, построение customer joyrney map, SEO продвижение сайта, инбаунд и аутбаунд лидогенерация.;dgaioshko@yahoo.com
Евгений Павлов;"- Директор по маркетингу, Inchcape PLC, нахожусь в РФ. Отвечаю за рынки: Литва, Латвия, Эстония, Польша. Отвечаю за бренды: BMW, MINI, BMW MOTO, Jaguar, Land-Rover, Mazda, Ford 
- Операционный директор MINI, Inchcape PLC. Отвечаю за рынки: Литва, Латвия, Эстония, Польша. 
- Преподаватель в РАНХиГС, MBA. Вывод продуктов на рынок. Управление рекламой.";Маркетинг;6;Администратор, Тренер, Продавец, Руководитель отдела продаж. 7 лет;эмоциональный интеллект, руководство, управление, целеполагание, планирование;8 (965) 243 66 44 (sms, calls, telegram, whatsapp)
Лемак Екатерина;PPC Team Lead, iProspect Ukraine, Украина;Маркетинг;6;SEO, 1 год;управление командой, борьба с синдромом самозванца, ну и мои технические знания в РРС;telegram - lemak_kateryna
Снежанна Степовая;Тимлид отдела контента в онлайн-школе «Вебиум», СПб;Маркетинг;7;Маркетинг (7 лет), SMM (5 лет), управление распределённой командой (2 года), Event-маркетинг (3 года). Сферы: digital, EdTech, дизайн интерьеров, реклама;Контент-маркетинг,  SMM, реклама в социальных сетях, управление распределённой командой, фриланс;Telegram — @Snezhka_smm
Анна Гельфанд;Lifecycle Marketing Lead, Miro, Perm;Маркетинг;7;6 лет в маркетинге SaaS продуктов, год в маркетинге в высшем образовании, 2 года в операционном менеджменте и немного маркетинге в HORECA;Engagemnent & retention маркетинг, удержание пользователей, сегментация и персонализация. Работа в кросс-функциональных командах, работа на стадиях быстрого роста;anna.gelfand@gmail.com / @anyamoji
Григорий Бахин;Руководитель проектов, Яндекс Go, Москва;Маркетинг;7;13 лет в госорганах, 10 лет в психологическом консультировании;Маркетинг, коучинг, саморазвитие, смена профессии, адаптация, дидижтал, контент, пиар, смм, блоги, личный бренд;Телеграм @gbakhin
Алла;Менеджер маркетинговых проектов, Wrike;Маркетинг;7;-;Управление agile-проектами, маркетинг/брендинг/коммуникации;telegram: @allamosina
Валера;Маркетинг и стратегия в Гугл (Сингапур);Маркетинг;7;1 год стажировки в консалтинге, финансах;Стратегия, юнит-экономика;По почте valeriy.ivanov08@gmail.com
Виктор Ковязин;Руководитель диджитал-маркетинга МКБ;Маркетинг;8;Product - 5 лет;CJM, новые каналы привлечения клиентов, создание сайтов/лендингов, выделение USP, генерация идей;https://t.me/Viktorko
Светлана Неменкова;Senior strategic planner, Freelance (ранее Possible group / ADV / WPP), Moscow;Маркетинг;8;"2 года - экономист, аудитор; 1 год -  UX/UI дизайн (в процессе обучения)";"Помогу: сложное сделать простым и понятным, задать правильные вопросы, узнать где искать ответы, разобраться с темой инсайтов, научится слышать клиента, выстраивать мостик к креативу. Вдохновлю и поделюсь опытом по множеству категорий и целевых аудиторий.

Есть опыт преподавания стратегии на протяжении нескольких лет для студентов рекламной школы ИКРА (Мск и СПб).";@letomart
Дарья Волкова;Бизнес и бренд стратег, со-основательница агентства Pink Lions, Киев;Маркетинг;8;PR, 2 года. Организация мероприятий, 1 год.;Стратегия создания и развития бренда, сервис-дизайн, клиентский сервис, развитие личного бренда профессионала или топ-менеджера, управление дизайн-командой, брендинг;daria.strategy@gmail.com , @daria_strategy
Антон;фриланс интернет-маркетолог (Красноярск);Маркетинг;8;Опыт развития своего малого бизнеса. Сеть детских центров. И сейчас агентство;Стратегия продвижения. Позиционирование.;vk.com/my_left_foot
Марина;PPC manager, LOLOCLO, Moscow;Маркетинг;8;предпринимательство 1 год - развитие своего магазина https://www.details-shop.ru/ в сфере интерьера;Контекстная реклама, визуализация данных;marynametrics@gmail.com
Галина Дивакова;ex-Head of Marketing в YouTeam (B2B-marketplace startup, Y Combinator), сейчас отдыхаю, беру парт-тайм проекты и консультирую, пока ищу новое место работы. Живу в Киеве.;Маркетинг;9;Последнее место работы — Head of Inbound Marketing в стартапе YouTeam, это маркетплейс для найма разработчиков, мы были в Y Combinator в 2018 году. До этого долго работала в сфере ad-tech. Большой опыт работы на западных рынках, особенно B2B, и особенно много опыта в контент-маркетинге (включая SEO). Также приличный опыт в PR и построении отношений с зарубежными медиа. Почти 5 лет руковожу маркетинг-командами. Буду рада обменяться опытом или поделиться своим. Ранее преподавала на курсах (оффлайн, онлайн), принимала участие в организации ежегодной оффлайн-конференции в течение 4 лет (от 300 до 800+ гостей) в сфере мобайла, выступала на других конференциях.;Контент-маркетинг, SEO, growth-маркетинг, PR (building relationships with media);galina.divakova@gmail.com
Григорий Таран;CMO / Руководитель маркетинговых проектов, Москва;Маркетинг;9;Разработчик 3 года, head of sales год, далее все роли в команде были связаны только с маркетингов на уровне CMO в среднем/малом бизнесе, head of digital одной из крупнейших компаний РФ;диджитал маркетинг, спортивный маркетинг, аналитика, юнит-экономика, построении маркетинговых команд, финансовые модели, ивент менеджмент;Телеграм @grifon
Степан Куркин;Предприниматель, трекер;Маркетинг;13;Продажи, тренер по продажам, 2 года;"Начало карьеры в digital, выбор направления
Веб-дизайн, HTML/CSS, разработка сайтов, digital-маркетинг
Менторинг предпринимателей и стартапов";stepankurkin
Даниил Фойгель;Собственное агентство, Краснодар;Маркетинг;12;Моряк (матрос, боцман, судовой повар) 1 год;Event, брендинг, коммуникация, маркетинг, продакшен;Foygel
Наташа Качанова;бывший интернет-маркетолог в X5retail group, Lamoda, Yandex Еда, последние 2 года в онлайн-образовании;Маркетинг;11;"Весь мой опыт строится вокруг интерне-маркетинга - от PPC (более 5 лет)  до стратегического планирования и продюсирования онлайн-курсов (1 год)
А затем я сделала для себя вывод, что хочу заниматься продвижением ценных для человечества продуктов и также хочу создавать такие продукты. Сейчас изучаю педдизайн";"-медиапланирование для e-commerce проектов на РФ рынке
-стратегия в ремаркетинге
-анализ эффективности трафика и рекомендации по настройке рекламных систем
-методология онлайн-курсов в нише саморазвития взрослых";телеграм @natalanidna
Alexander Kinov;Digital producer;Маркетинг;10;"14+ лет совокупного опыта в digital
Marketing, management, digital production, sales, adv. 

В данный момент руковожу дилжитал направлением в агентстве. Занимаюсь стратегией и продюсированием рекламных кампаний для транснациональных компаний, среднего и малого бизнеса РФ.

Имею экспертизу в web, медийной рекламе, ppc и smm.

Как основатель создавал онлайн проекты в сферах - Media and Entertainment, SportsTech, E-commerce, AdTech, travel.

Ищу co-founder'а с идеей или сформированную команду, либо интересный проект на стадии развития.

Максимально интересны проекты в сферах - mental health, AdTech, GreenTech, Gaming & E-sports, однако смотрю в любые стороны.";"Максимально интересно делиться опытом по маркетингу в онлайне со стороны агентства и клиента. Также на тему стратегии продвижения, медиа стратегии, аналитика рк, диджитал продюсирование проектов и рекламных кампаний, работа рекламных агентств.

Менее интересно на прикладные темы - смм, контекст, тв реклама, медийная, креатив и тд). 

Уникальная экспертиза - большой опыт работы в топ должности, для клиентского маркетинга (средний и крупный бизнес с оборотом 100 млн - 1-2 млрд) по всей воронке продаж (от охватных инструментов, таких как тв, медийка, видео, блогеры до контекстной рекламы и систем лояльности) от разработки стратегии до реализации рк и ее контроля. Также управление ресурсами агенства (люди, брифы, деньги, технологии, партнеры).";Tg - @k1nov
Елена Берендеева;Performance marketing team lead в HTML Academy, Санкт-Петербург, Россия;Маркетинг;10;"До перехода в EdTech я работала 5 лет в В2В маркетинге (компания ""Газпром нефть""), где отвечала за продвижение цифровых продуктов.";Маркетинговая стратегия, В2В маркетинг, коммуникационная стратегия, тестирование и масштабирование каналов дистрибуции, выстраивание процессов в команде платного трафика, управление командой.;@elena_berendeeva
Маргарита Бирюкова;Product owner Beeline Gaming, Beeline, Moscow;Маркетинг;10;"3 года - агентство 
1 год - fmcg
1 год - beauty
5 лет - finance, banking";"Digital acquisition 
Customer Journey and Service 
Kanban
Digital production
360D initiatives";https://t.me/Cosmo_lady
Анастасия Щербаченко;СМО, частная практика, Москва;Маркетинг;16;Нет;Аналитика, маркетинговая упаковка, лидогенерация;anastasia.scherbachenko@gmail.com
Сус Андрей;Производитель и ритейлер женского белья brabrabra: Customer relationship manager;Маркетинг;15;Аналитика, сегментация клиентов/продаж, автоматизация маркетинговых коммуникаций в онлайн: 3 года;"- Построение комплексного маркетинга; 
- Клиентоцентричный маркетинг; 
- Систематизация и сегментация данных о клиентах, их покупках: автоматизация маркетинга на основании работы с данными";andrii@sus.name
Александра Кулачикова;Product Owner в Semrush (Москва);Маркетинг;13;B2B продуктовый маркетолог, руководитель маркетинга SaaS, маркетинг сложных аналитических продуктов (7 лет), digital - аналитик (4 года), перформанс-менеджер (4 года), лектор, спикер (8 лет);B2B маркетинг, продуктовый маркетинг, аналитика маркетинга, машинное обучение, маркетингово-продуктовые процессы и взаимодействие, публичные выступления, выстраивание процесса обучения, digital-аналитика, unit-экономика, стратегия, выход на международные рынки.;Телеграм или Facebook - kulachikova
Наталия;Head of Marketing, Киев;Маркетинг;11;был, но более 11 лет назад, так что о нем можно забыть);Стратегия, коммуникация, юнит-экономика.;natalka.marketing@gmail.com или телеграм (+380965366348)
Владимир Карпенко;Директор по стратегическому маркетингу и развитию бизнеса в Акадо Телеком (Москва);Маркетинг;10;project (3 года), product (4 года), bizdev (4 года), cpo (4 года), cmo (3 года);Стратегия, продукты, переговоры, бизнес-процессы, коучинг;Telegram:@karpenko_va почта: vladimir.a.karpenko@gmail.com
Анастасия;Бренд-стратег фрилансер (Сочи);Маркетинг;10;Больше 10 лет опыта в маркетинге. Разрабатывала стратегии брендов из разных отраслей – фарма, ритейл, сферы услуг, информационных технологий Имею 2 высших образования (техническое и маркетинг), сертификат Нидерландского университете по Диджитал маркетингу;Продуктовый и диджитал маркетинг. Главное в моей работе – это работа с аудиторией, ее потребностями и болями. Прежде, чем разрабатывать любую стратегию я изучаю продукт, анализирую метрики, изучаю аудиторию, поведенческие модели, обзыванию клиентов и общаюсь с ними.;+7 (926) 331-05- 37
