﻿name;position;profession;profexp;anotherexp;strongs;contacts
Denis;Reapple.ru CTO (Москва) / uadd.me CoFounder-PM;Предпринимательство;2;Более 10 лет. Работал от курьера до эникей IT;Vision / Стратегия / Технологии / Генерация идей;uadd.me/den
Марина прокопенко;Учредитель, витамин ц, москва;Предпринимательство;5;Операционное и финансовое управление - 5лет- стартапы, интернет магазины с Оффлайн точками. Управление контекстном и таргетингом-2 года-ИМ,онлайн обучение. Продажи - 5лет-it, ИМ;Продажи, построение воронок продаж (включая изучение ца) , управленческий учёт, операционное управление;Donna_Mariachi (telegram)
Наиля Асланова;СЕО и co-founder анти-агентства БУНТ. мы делаем бунтарский и нетривиальный для брендов;Предпринимательство;3;4 года в digital marketing: smm и pr;работа с командой, креативное лидерство, построение систем и процессов, упаковка бизнеса с маркетинговой точки зрения;tg – @nailya_aslanova
Недвецкий Дмитрий;Scrum Master/Agile coach - Global Logic - Kyiv;Предпринимательство;3;Management & Business Advising - 10 years;Agile, менеджмент, бизнес;DmytroNedvetskyi
Муравьев Иван;Директор агентства, Manifest, Минск;Предпринимательство;5;Нет;Менеджмент, бизнес, маркетинг;t.me/desolet
Антон Селихов;CEO, ruki.tech, Москва/Рига;Предпринимательство;3;5 - Process Management;Запуск проектов;telegram: @AntonSelikhov
Мария Нигголь;кофаундер в Поинтере pntr.io, Москва. занимаюсь созданием продукта и клиентским сервисом;Предпринимательство;3;10 лет в заказной веб-разработке, ведение проектов, аккаунтинг;создание стартапа, клиентский сервис;телеграм t.me/yamaha1
Игорь Каменев;CEO, Skyduck/Snowduck, Moscow;Предпринимательство;5;backend developer, frontend developer, mobile developer, CTO, CEO, Founder;Я выходец из разработчиков. Запустил 5 проектов. Один взлетел. Знаю очень много про технологическую составляющую и как технарь и как владелец бизнеса. А эти вещи, порой, диаметрально противоположны.;tg: @mrjamesbond
Иван Лебедь;"Product owner образовательного онлайн-проекта ""Коалиция""";Предпринимательство;5;Аналитик, 1 год, банкинг;Предпринимательство, запуск продуктов, аналитика, Web-разработка, IT-проектирование, управление;Telegram
Илья Артамонов;Product manager, Trood INC, Moscow;Предпринимательство;4;10 лет в fashion / e-commerce. В продакты перешел с позиции head of E-com бренда одежды.;Разбираюсь в дизайне, подаче, выводе продукта на рынок, коммуникациях с ЦА, позиционировании. Могу делать треккинг — задавать mentee вопросы, отвечая сам себе на которые он дойдёт до ответа и нужного ему состояния;telegram: sorpigal
Илья Бердыш;Продакт-менеджер в Product University, Санкт-Петербург;Предпринимательство;5;"В продажах: Руководитель группы продаж, Ростелеком Спб - 1 год
Head of Sales в EdTech корп.обучение, компания BEsmart -  1 год
Сейчас Product Manager в Product University - меньше полугода.";"1. Стартапы: валидирование гипотез, Исследование пользователей, управление командой и подбор
2. Продажи
3. Эмоциональный интеллект и эмпатия, выстраивание взаимоотношений с людьми";Telegram: ilya_23
Владислав Бубенщиков;Консультант ChocoFamily Алмата Казахстан;Предпринимательство;5;Учитель-2 года, Социолог-3 года, Маркетолог-2 года, СЕО Дистрибуторской компании ( Red bull, Nestle Water, Corona Exstra, Grolch, и пр. ) - 20 лет, Руководитель программы маркетинга в университете Нархоз-3 года,;Любые бизнес аспекты. Системное мышление;Telegram @vladbub1 vladbub1@gmail.com
Дмитрий Калупин;Фаундер https://friday.software, а до этого фаундер https://FriendZone.bot;Предпринимательство;5;. До этого разрабатывал ПО, делал роботов для высокочастотной алгоритмической торговли, был консультантом по стратегии, маркетинг-директором в цифровой криминалистике;Стратегия, маркетинг, команда (построенте и управление), инвестиции (привлекал и сейчас буду снова), сообщества;@awarehouse в телеграме, /kalupin в Фейсбуке
Олег Юсупов;Генеральный директор, со-основатель PHYGITALISM, Москва;Предпринимательство;6;менеджер продукта, 2 года, IT;технологическое предпринимательство, построение бирюзовой компании;@olegyusupov
Максим;Founder Send.WTF (Москва);Предпринимательство;7;3 года маркетолог, 1 год проектный менеджер;Стратегия, юнит-экономика, эксперименты;telegram @maximlafe
Алина Нильссон;Со-основатель tech конференции EMERGE, управляющий партнер коммуникационного агентства Solyanka;Предпринимательство;8;Учеба бакалавриат и магистратура в Великобритании. Серийный предприниматель в сфере tech. В 2013 мой первый стартап (финтех crowdfunding platform) провалился, зато я познала весь путь стартапа, проработав после в несокльких стартапах, акселераторах в Лондоне, я ушла в ивенты и в коммьюнити (создание Rutech в Лондоне). Весь мой опыт международный, т.к. из России я уехала в 17 лет.;business development, strategy, positioning, marketing, community management, fundraising, new market expansion, UK market;alina@emergeconf.io
Artem K;Co-founder/CEO/Product в Cybersecuirty/Fintech стартапе;Предпринимательство;8;"5 лет
- работал в венчурной индустрии c крупными deep-tech проектами
 - в качестве co-founding employee выводил deep-tech сервис на EU и US рынок, строил филиал и дистрибуцию
 - со-основал продуктовую студию для hardware и продал производителю ключевой технологии
 - co-основал b2c cybersecurity стартап, который дважды пивотился и теперь fintech/insurtech";"- в чем разница между предпринимательством и продакт менеджментом?
- какие эффективные pathways чтобы запустить свой стартап?
- как работать с технически сложными продуктам c малыми ресурсами?
- Lean MVP decisions в сложных кейсах, СJM и UI/UX дилеммы
- ранний маркетинг и коммуникация dos/donts
- как не попасться на market false signals?
- как строить команду, где нужно много узких редких специалистов?";телеграм @artk47
Иван;Основатель и CEO - Reactive Phone;Предпринимательство;10;Разработка софта - 8 лет;Старт бизнеса с нуля, создание команды до 15 человек, построение мобильных продуктов;Написать в телеграмм @ivanse
Игорь Афанасьев;Генеральный директор, Деловые решения, Саратов;Предпринимательство;30;я предприниматель с 1992 года в разных индустриях - реклама, промышленность, выставки и евенты. образование;построение бизнес систем, масштабирование бизнеса, расшивка узких мест;mentor@afanasiev.one
Руданов Григорий;Cofounder, CaterMe.ru, Москва;Предпринимательство;10;3 года B2B-маркетинг и 5 лет B2B-продажи программно-аппаратных решений для задач автоматизации измерений и управления;Предпринимательство;telegram – rudanovg
