﻿name;position;profession;profexp;anotherexp;strongs;contacts
Максим Новосельцев;Ведущий инженер-разработчик в СберТехе, Москва;Разработка, технологии;2;Работал преподавателем по программированию в детской цифровой школе;Frontend (React);Писать в телеграме @novms
Юлия  Медведева;junior frontend developer, Qlean, Москва;Разработка, технологии;1;3 года в общепите, 2 года в науке;"интересно менторить: переход в it из не it. верстка и перенос дизайна с макета. как понять, что нравится и выстроить план развития.
сильные стороны: делаю даже когда страшно.";@jul_medvedeva
Саша Андронов;отвечаю за весь IT в Додо Пицце (Москва);Разработка, технологии;4;14 лет всего, разработчик;стратегия, рост и построение команд (мы выросли с 30 до 150), процессы, коммуникации, развитие людей;телеграм @alexandronov
Коваленко Дмитрий Игоревич;Team & tech lead, НИИ Восход, г. Самара;Разработка, технологии;4;Проектирование печатных плат (2 года);Фреймворк cuba-platform, объектное проектирование (java), программирование (java);telegram: @DmitriiKovalenko
Юлия Черткова;руководитель службы big data Спб/Мск Яндекс;Разработка, технологии;3;суммарно 10 лет: разработка, аналитика, менеджмент;организация процессов, целеполагание, построение команды, сложносочинённые коммуникации;https://telegram.me/noblajn
Антон Масалович;ML scientist/Program Manager в Microsoft (Дублин);Разработка, технологии;3;15 лет - разработчик/тим лид в ML сфере;Практические аспекты применения машин лернинга;amasalovitch@gmail.com   https://t.me/tony_mas
Fedorenko Anatoliy Aleksandrovich;Backend Developer / Delivery Manager at Mad Devs (Bishkek, Kyrgyzstan));Разработка, технологии;3;В Project & Program Management 4 года, в Coaching около 4х лет так же;Software Development, Business Modeling, Mind Mapping, Time Management & Planning, Presentations & Public Speaking;fedorenko.tolik@gmail.com
Юра Реутский;Лид мобильной разработки Сбербанк (Москва);Разработка, технологии;5;Успел поработать на фрилансе, подряде и в небольшой команде (с ориентацией на западный рынок).;Выстроение взаимотношений, технический бэкграунд, работа с аналитикой, общее понимание юнит экономики;Телеграм @yurareutskiy
Андрей;Data Engineering Team Lead в Profitero;Разработка, технологии;5;2.5 лет работал дата инженером;Могу рассказать о работе с людьми, хайрингу (100+ собеседований провел), настройке процессов;linkedin: https://www.linkedin.com/in/liudchyk/, telegram: dryumbo
Артём Сухляк;Программист (Харьков-Киев);Разработка, технологии;6;1 год предпринимательства;Стратегия, программирование;artyom.suhlyak@gmail.com
Екатерина Устюжанина;Software Engineer, Facebook, London;Разработка, технологии;6;Нет;Начало карьеры, поиск компании и прохождение интервью. Развитие карьеры.;@katejim
Андрей;Системный инженер + ml (хобби но есть результаты), Госсектор, Москва;Разработка, технологии;7;Нет;Корпоративные облака на vmware, безопасность, машинное обучение, программирование на python, docker, kubernetes;Телеграм, вотсап: +79267208282
Виктор Шешеня;Руководитель отдела разработки;Разработка, технологии;7;нет;Разработка;v.sheshenya@gmail.com
Вячеслав Воронов;Ведущий андроид разработчик, ВТБ, Москва;Разработка, технологии;7;Нет;Разработка приложений под Android;TG: @SlavikVoronov
Алексей Шмалько;Integration Architect, Ring, Kyiv;Разработка, технологии;7;Project manager, CTO, entrepreneur;Архитектура и дизайн ПО, управление разработкой, предпринимательство, generalization;@rasendubi
Илья Кирпиков;Директор по технологиям в ШНАЙДЕР-КОНСАЛТ (Екатеринбург);Разработка, технологии;7;Веб-дизайнер 3 года;Развитие интернет-магазинов, скрам/аджайл, коммуникация;телеграмм @Ilya_kirpikov
Руслан Максимов;ведущий iOS разработчик, МТС Финтех, Москва;Разработка, технологии;8;работал в студенчестве киномехаником, получил соответствующее образование в техникуме;развитие в ИТ, работа в команде, плотно работал со скандинавским финтехом;tg: poloniy210
Игорь Збойчик;Software Engineer, Boeing, remote from Minsk;Разработка, технологии;8;-;Подготовка в FAANG, backend разработка на Java.;t.me/igorz
Никита Тарасов;Head Of Data Science, Chief Data Scientist, СКБ Контур, Екатеринбург-Таиланд;Разработка, технологии;8;-;"Управление разработкой и/или проектами в областях Data Science и Artificial Intelligence.

Разработкой и Data Science / Artificial Intelligence занимаюсь последние 8 лет. За последние 4 года занимался ростом и управлением DS/AI отделом (выросли с 3 до 50 человек) и управление частью проектов внутри отдела, например, создание сервисов речевой аналитики внутри компании.";telegram @ntarasovekb
Vlad Dugnist;CTO skyduck.app;Разработка, технологии;8;-;мобильные приложения;tg @vdugnist
Sergei Guselnikov;Senior iOS Software Engineer, Urban, London;Разработка, технологии;9;Нет;Разработка iOS, лайфхаки по карьерному росту, remote work;guselnikov@me.com
Герман Сыроежкин;Senior Software Developer, Arachnys, London, UK;Разработка, технологии;9;Lead Software Engineer (3 years), Computer Vision (~5-6 years);"Персональное развитие, развитие вне работы, продвижение по карьере, поиск работы заграницей, умение представлять себя в резюме и на собеседованиях.

Культура работы в стартапе, культура работы в иностранной компании.

Развитие/построение стартапа с нуля.";Telegram laocool
Александр Кожин;Teamlead, СПб ИАЦ, Санкт-Петербург;Разработка, технологии;11;Нет;Управление разработкой ПО, гибкие методологии, devops, построение команд;https://t.me/akozhin
Yevhen Tsyba;Java Technical Lead, Playtika, Kyiv, Ukraine;Разработка, технологии;10;-;back-end development / technical leadership;telegram: @yevtsy
Илья Остреров;Технический директор продукта в Mail.ru Group;Разработка, технологии;10;занимаюсь разработкой для веба с 1999 года;Построение команд, продуктовая разработка, процессы разработки;Телеграм: @TheAist
Прокофьев Руслан Вадимович;Mobile Team Lead;Разработка, технологии;10;Преподавание 2 года;iOS UX Design managment;@mefilt
Владимир Есаулов;Tech & Product в Katalystos.com;Разработка, технологии;12;Много разработки и предпринимательский опыт несколько лет;Разработка проектов в короткие сроки и с ограниченными ресурсами, как правильно расставить приоритеты и собрать команду;v.yesaulov@gmail.com
Кирилл Брусенский;Технический директор в BrandStudio (Москва);Разработка, технологии;20;Кодер, Фулстэк, Тим-лид, Руководитель отдела, Технический директор (более 12 лет);Лидерство, селф-менеджмент, веб-разработка;kirill@bstd.ru
Арсений Климовский;Senior Software Engineer, Google, Zurich;Разработка, технологии;11;математик по образованию;empowering engineers, technical leadership, open-ended problems, quality metrics;Telegram @aklimovsky
Дмитрий Смирнов;Тимлид/Software Engineer в Facebook (London);Разработка, технологии;13;нет;Менеджмент команды, составление роадмапов, высоконагруженные системы и big data;https://t.me/acridian dmitry.and.smirnov@gmail.com
Карпович Сергей;Руководитель поиска - Mos.ru (Москва);Разработка, технологии;20;Руководитель SEO в Циан (5 лет) и Рамблер (3 года);Поиск как технология, поиск как продукт, анализ текстов, тематическое моделирование;почта: cims@yandex.ru
