﻿name;position;profession;profexp;anotherexp;strongs;contacts
Михаил Веселов;ВТБ Москва;Дизайн;2;Дизайнер - 2 года, менеджер проектов - 4 года;Дизайн, веб и мобильные. Планирование;Телеграм @MikeVeselov
Галина;Дизайнер в Сбере;Дизайн;2;Нет;Проектирование интерфейсов, проведение исследований;keepltsimple2452@gmail.com
Денис Копылов;Продуктовый дизайнер, СберДевайсы, Москва;Дизайн;4;Нет;Визуальный дизайн, Проектирование, Анимации, Мобильные приложения;https://telegram.me/deniskplv
Nikita Kondratyev;Senior Product App Designer;Дизайн;6;Нет;Продуктовый UX/UI дизайн мобильных приложений;Telegram: @nikinario
Илья Поляк;Дизайнер в Sweatcoin, Москва;Дизайн;8;Был опыт работы аналитиком и дизайн-лидом, по году и там, и там;Продуктовый дизайн;Телеграм @ipolyak
Вилена;дизайнер в IRG (Москва);Дизайн;10;менеджер (3 года);"графический, web дизайн (визуальная коммуникация); леттеринг";vilena.me@mail.ru или @vilena_me в telegram
