﻿name;position;profession;profexp;anotherexp;strongs;contacts
Margarita Maylyan;Senior program manager at Microsoft, Mixed reality products, Vancouver;Програм менеджмент;6;Работала пару лет ассистентом Chief marketing officer и потом ушла в консультанты/интеграторы на пару лет.;"- коммуникации со стейкхолдерами и управление их ожиданиями 
- выявление проблем и запросов клиентов через анализ рынка, тесную работу с клиентами, User research и тд
- составление роудмапов на основе стратегии продукта и задач бизнеса
- управление и создание команд разработки, процессы разработки
- change management";Почта m.maylyan@gmail com
Наташа Рябочкина;Руководитель проектов/продакт внутреннего сервиса в Яндекс;Програм менеджмент;7;Сейчас развиваю внутренний сервис в Яндексе. Последние несколько лет занималась трансформацией клиентского опыта в е-коммерсе и лидировала стратегические программы (Lamoda, Avito), внедряла промышленные IT- системы и занималась оптимизацией процессов по Lean методологии в банковском секторе. Автор когнитивных курсов джаз-дизайн и сторибординг. Адепт техник актерского мастерства в сложных коммуникациях.;Стратегия (компании, продукта), коммуникации в командах/конфликтах, коучинг, lean- методологии, клиентский опыт, инфодизайн;"https://www.facebook.com/nryabochkina/
@Maplesyruper (телеграм)"
Анастасия Третьяк;Program Manager, NVIDIA;Програм менеджмент;11;"Web Development - 3
Big data - 2
Game Development - 5
Ресторанный бизнес - 2";"People Management; 
Team Development; 
Time Management;
Get things done";https://t.me/zekeoi
