﻿name;position;profession;profexp;anotherexp;strongs;contacts
Динара;HR, Brandquad, Москва;Human Resources;5;T&D и финансы в крупных телеком и производственной компании;Soft skills, развитие и Обучение;dinarchik@gmail.com или скайпу dinara_1904
Екатерина Бойко;Sr. HR Business Partner, MARS, Москва;Human Resources;16;2 года, поддержка продаж;Развитие карьеры, персональное развитие;@Kateryna_Boiko_HR
Варвара Голубева;HRD/ COO Studyworld;Human Resources;11;"Коучинг и психологическое консультирование
Перешла на СОО не так давно.";"Я 11 лет исключительно в People operation. Второе образование- юрист по трудовому праву, очень сильно прокачена по законодательной части работы с людьми.
Рекрутинг- выстраивала системы и стратегии рекрутинга. Самая сильная моя сторона.
People operation- культурные трансформации, дизайн человеческой среды, работа с c-level уровнем, для внедрения изменений. 
Аналитика- одна из немногих в IT занимаюсь анализом данных (не просто подсчёт метрик, а исследованием поведения после внедрения новых практик, например), хотя в нашей сфере их мало. Стою прогнозы успешности проектов в HR, на основе машинного обучения.";@Veve_V
Ирина Сенкевич;HR Manager, Prisma Labs;Human Resources;10;нет;ИТ рекрутмент, управление командой рекрутеров;лучше всего телеграм @pumicci
Левыкина Ксения;HR директор Портал города Москвы mos.ru;Human Resources;13;13 лет в hr, 3 года в топ менеджменте, 1 год профессиональный коуч/организационный психолог;People management, построение и масштабирование команд, стратегический менеджмент, личное и карьерное развитие;Телеграмм @Kseniya_Levykina
Катерина Косс;Employee experience expert;Human Resources;20;Исследователь 2 года Университет, консультант телефона доверия 3 года;Employee experience management, device design for Hr, построение EVP;@kasiuneika
