﻿name;position;profession;profexp;anotherexp;strongs;contacts
Николай Волынкин;Тимлид команды технических писателей в Tarantool, автор @docops;Работа с текстом;4;Тестирование, девопс, разработка, до этого продажи и психология.;Документация для разработчиков, DocOps, управление знаниями, developer relations.;https://t.me/nick_volynkin
Вика;Редактор в Яндекс.Практикуме (Иркутск);Работа с текстом;4;Журналист, 2 года;Контент-маркетинг, внутренние и внешние коммуникации в IT-компаниях, работа с авторами, составление редполитик;В телеграм: viktoryafedoseenko
Никита Ларионов;Главный редактор;Работа с текстом;5;Проджект-менеджмент в финтехе — 5 лет, продакт-менеджмент в контент-маркетинге — 2 года;Контент-маркетинг, редактура, предпринимательство;телеграм @vonoiral
Юля Позднякова;Копирайтер в компании СКБ Контур, Екатеринбург;Работа с текстом;4;Нет;Тексты, контент-маркетинг;Тг—@dnvrnght9
Тоня Сергеева;Коммерческий редактор для битуби;Работа с текстом;4;Работала корпоративным пиарщиком, в шате. В последнее время -- в большом бизнесе, финансовый рынок (2008-2016). До этого работала тоже корп пиарщиком, только в других сферах. Отвечала за внутрениие коммуникаци, работу сми, организацию мероприятий, антикризисные коммуникации, поддержку выпуска продукта и так далее.;"Работаю только  с бизнес-темами, без битуси. Например, разработка систем учёта, приложений, юридическая и финансовая поддержка. 

Работаю осознанно вне штата, как ИП для разных проектов. Так больше опыта набирается + намного интереснее. А для меня это очень важно. 

У меня хорошо получаются занудные штуки: гайды, инструкции, статьи с экспертами, материалы для обучения. Там, где надо покопаться в фактуре, структурировать материал и подумать, как подать что-то объемное и непонятное. 


Могу помочь и поделиться экспертизой в контент-проектах, в которых нужно : 

1. Поставить на рельсы процесс. Например, выпуск кейсов.

3. Вытащить из экспертов опыт и знания,  упаковать в нужный формат. Например, статьи или книга. Там же: понимание задачи, интервью, согласование и т.д.

5. Помочь маркетингу выпускать продуктовые материалы: инструкции, хелпы, ответы тех поддержки и так далее. Для этого надо понять, какая все-таки цель, кто в реальности заказчик, предложить формат, собрать фактуру и т.д

Небольшой список моих работ, гайды и статьи о редактуре, отзывы:  http://tonya-sergeeva.ru/all/content/";@TonyaSerg (телеграм)
Ирина Ильяхова;Главред, руководитель проектов. Сейчас уже два года главред в продуктовой редакции Тинькофф Бизнеса + недавно запустили блок о бизнесе Бизнес-секреты. До этого много работала тоже в проектах как редактор и главред. У меня две рассылки — для работодателей о том, как организовать редпроцесс и для редакторов, о том как работать;Работа с текстом;4;Смм-менеджер, тоже руководила проектам, только в смм;Помогу прокачаться редакторам: в клиентское работе, переговорах, поиску работы, своему позиционированию. Но еще больше люблю сферу построения процессов в редакции, подбора и найма авторов, решение сложных задач по построению процессов, чтобы все работало.;@autumnblues в инстаграме
Ильянур;редактор в студии веб-дизайна (Казань);Работа с текстом;4;Переводчик (англ, на проектах), преподаватель английского (полгода), копирайтер (1,5 года), менеджер проектов (1,5 года), главред (3 года).;"Сайты компаний: в рамках студии я участвую как редактор на всём этапе разработки сайта от исследования до запуска. Пишу редполитики. На двух крупных проектах была менеджером.
 
Контентные проекты: участвую в разработку сайта, выстраиваю редакционные процессы с нуля, формирую команду, определяю контент-стратегию и редполитику проекта. Работаю главредом.

Ко мне приходят, чтобы провести аудит сайта, написать контент-стратегию, структурировать имеющийся контент.";ilyanur.almautova@gmail.com, t.me/ilyanur
Серафима Александрова;Content Producer, FlowMapp, Москва;Работа с текстом;6;"6 лет в диджитал-маркетинге международных компаний
4 года в пиаре
2 года Руководитель отдела контент-маркетинга";Управление контентом, выгорание, профдеформация, работа в зарубежных компаниях, контрактный работник, фрилансы;Телеграм @avserafima / email avserafima@gmail.com
Тимур Тукаев;Редактор в ProductSense, удаленка (живу в Челябинске);Работа с текстом;7;Пиар и маркетинг в региональной сети журналов и ивентов, управление проектами в телекоме — 6 лет.;Контент-стратегия, редактура, структура текста, поиск спикеров и экспертов, работа с авторами, настройка редакционных процессов;t.me/tym83, 6355522@gmail.com
Евгения Головина;лид-проджект, Яндекс.Практикум, Москва;Работа с текстом;7;0;"Проектный менеджмент в контент-командах, в обычных командах, проектирование образовательного опыта; про начинку онлайн-курсов; внутреннее обучение сотрудников и в целом обучение людей";tg: egolovina
Мария Смирнова;Technical Writer, Documentation Tool Developer at Arrival (London);Работа с текстом;10;QA, 1,5 года;Документация и техническая коммуникация как часть продукта, найм и управление техническими писателями;Telegram @SmirnovaMariia, почта mvrevina@gmail.com, LinkedIn https://www.linkedin.com/in/revina-mariia/
Ксения Лукина;Head of content, издательство Бомбора;Работа с текстом;10;Журналистика, ТВ;Контент-маркетинг, редактура, управление творческими коллективами, арт-дирекшн;@ktokrome
Анастасия Родыгина;Маркетинговый писатель в Скорозвон, Naumen, г.Екатеринбург;Работа с текстом;20;"Копирайтер в телеком CMS B2B (1 год); редактор музыкальной ТВ-программы (1 год), запуск благотворительной программы (6 мес.), обозреватель рынков в журнале ""Деловой квартал"" (1 год) , активные продажи в недвижимости (2,5 года), управление в ритейл (ювелирные изделия, premium сегмент, 2 года), автор научно-популярных статей в журнале ""Машины и Механизмы"", а также фриланс - видеопродакшн, съемка рекламных роликов, исследования, аналитика, сценаристика. Есть опыт участия в трех федеральных конкурсах в номинации для сценаристов и гейм-сценаристов.";"1. Смысловая упаковка продукта: концепты, выгоды, исследование рынка и конкурентов, разработка брифов и интервьюирование экспертов. 

2. Продуктовые лендинги и сайты: концепт, структура, текст, визуальный концепт. UX-прототипы в Google.Docs. 

3. Клиентские кейсы на сайт, электронные книги-кейсы в .pdf: сборка и верстка 

4. Написание книги: структура, методики создания контента, правила оформления для издательства, переговоры с издательствами, заключение договора, роялти и т.д. Есть опыт издания книги.

4. Создание 15+ видов контента для лидгена: посадочные страницы, лендинги, письма для рассылки, аналитические обзоры и статьи на сайт.  

5. Креативные концепты: генерим и оформляем дашборд.

6. Редактура и корректура готовых материалов, подготовка прототипов для дизайнера и верстальщика.

7. Подготовка к международному саммиту: креативные буклеты, текст для спитча, мультимедиапрезентация, 3D-ролик (от креативной идеи до сценария с раскадровкой).";TG @anastarodygina / businesswriter@ya.ru
