﻿name;position;profession;profexp;anotherexp;strongs;contacts
Даниил;Руководитель проекта, Нетрика (Санкт-Петербург);Проджект менеджмент;2;10 лет в технических профессиях и продажах;Стратегия, переговоры;danielperfiliev@gmail.com
Тамара Мун;Delivery Manager в Mad Devs (Бишкек);Проджект менеджмент;3;нет;Коммуникация со стейкхолдерами проекта, работа с командой;Telegram - mun_tamara.
Эдуард;Agile Coach, Ecommpay IT;Проджект менеджмент;6;Project Manager (5 лет);Фасилитация, развитие agile-среды, использование agile-подходов, kanban-фреймворк, OKR;edwardo1988@gmail.com
Зарина Желяскова;Senior Project Manager, NDA, Kyiv;Проджект менеджмент;12;Product Manager (6 months), Deputy CEO (2 years);Project management, Operational management, Team management;Telegram: @zarina_zheliaskova
Алексей;проджект разработки (нискажу);Проджект менеджмент;10;разработка, монтажка;руководство разработкой и все по кругу );zdreny телега
Naryshkova Elena;Delivery Manager/COO -Kharkiv;Проджект менеджмент;10;"Language courses (Owner) 8 years; Game dev(PM) -1 year;  Embedded (Head of PM) - 1 year; COO -3months";Strategy, Communication, Soft skills;elenamatyukhina@gmail.com
