﻿name;position;profession;profexp;anotherexp;strongs;contacts
Валерий Богинский;Коммерческий директор в финансовой компании Содействие;Финансы, операционная деятельность;3;Руководитель ипотечного отдела 5 лет;Софт скиллы, переговоры, выявление реальной причины покупки, потребности, custdev, создание добавленной стоимости через ценностное предложение, как строить партнёрскую сеть;телеграмм @Vilmoor89 или boginskyvk@gmail.com   https://www.linkedin.com/in/%D0%B2%D0%B0%D0%BB%D0%B5%D1%80%D0%B8%D0%B9-%D0%B1%D0%BE%D0%B3%D0%B8%D0%BD%D1%81%D0%BA%D0%B8%D0%B9-ba224b101/
Нина;финансовый и инвестиционный консалтинг на фрилансе (Москва);Финансы, операционная деятельность;6;Аудитор в Deloitte (2 года);Составление CF, бизнес-аналитика;nsakop@mail.ru
Дмитрий Брагин;Финансовый директор ИТ интегратор Москва;Финансы, операционная деятельность;12;"Аудитор - 5 лет

Финансовый бизнес контролер - 1 год

Старший финансовый менеджер - 4 года

Руководитель отдела экономического планирования - 2 года";Стратегия бизнеса и личная, принятие решений в условиях неопределенности, построение фин моделей;Телеграмм +7-926-589-77-79
Софья;Бухгалтер в консалтинговой компании,Москва;Финансы, операционная деятельность;17;Все время работаю по этой профессии;Аналитика,финансы,организация бизнес процессов,;Sierrian.alex@gmail.com
Роман Томкив;Независимый финансовый советник, Москва;Финансы, операционная деятельность;20;Продажи 20 лет, коучинг 12 лет, топ-менеджмент 6 лет, предпринимательство 5 лет;Защита личных активов предпринимателя от рейдерства, финансовое планирование и управление денежными потоками семьи, инвестиции, Asset Allocation;WhatsApp +79262137545
