﻿name;position;profession;profexp;anotherexp;strongs;contacts
Мария Горбунова;Руководитель группы разработки, Parma Technologies Group;Engineering management;5;Нет;Разработка гос. систем, взаимодействие с представителями заказчика в тех части, управление командой разработки, планирование работ разработки и тестирования, проведение экспертизы предстоящих работ, проектирование систем;gorbunova393@gmail.com - email , gorbunovaMA - telegram, 89523378942 - whatsapp/viber
Георгий Гончаренко;Технический проджект менеджер, evenbetgaming, бизнес на Мальте, разработка в Барнауле;Engineering management;5;Автоматизация бизнеса, управление компанией;Финансы в ИТ, бюджетирование, управление разработкой, развитие сотрудников и команды;telegram
Михаил Шульгин;Стартап 3PM Solutions,  Chicago, remote из Москвы;Engineering management;3;Go senior developer, machine learning engineer, big data, cloud infrastructure;"Создание и развитие команды (опыт в основном полностью удаленной и распределенной не очень большой команде)

Много опыта в backend разработке, машинном обучении и есть опыт в построении инфраструктуры работы с большими данными";Telegram: @creditsuisse
Andrii Leitsius;Engineering Manager, Ring, Ukraine, Lviv;Engineering management;6;Нет;Python Backend, Team Leading, Open Source;leits.dev@gmail.com | https://t.me/leits
Анатолий Панов;Руководитель разработки в Авито (Москва);Engineering management;7;"Badoo (дейтинг), делал биллинг и всё связанное с платными услугами
Lazada. Делал E-commerce платформу и участвовал в разработке платформы для микросервисов";"Опыт руководства командами разработки 7+ лет. Были и маленькие команды 5-7 человек и большие кроссфункциональные 50+ человек. Собирал команды с нуля и строил в них процессы (не только разработки, но и продукту с аналитикой досталось). Внедрял Agile и Srum, масштабировал Srum с одной команды, на несколько.

Занимался аудитом процессов разработки и архитектуры веб проектов. Могу помочь с этими навыками или посоветовать что улучшить в вашей ситуации.";anatoly@i-panov.com
Maksim Koutun;Director of Engineering, Flo, Minsk-Amsterdam;Engineering management;13;PO - 1 год, startup founder - 3;"На все темы, связанные с engineering management в product и high growth startups; рост разработчиков; product management с точки зрения процесса";m.koutun@gmail.com @mkoutun в telegram
