﻿name;position;profession;profexp;anotherexp;strongs;contacts
Асия;Бизнес-Аналитик в As Evolution (Москва);Бизнес-аналитика, системный анализ;1;Проджект менеджмент (7 месяцев),продуктовая разработка (1 год),партнерские (b2b)продажи (3 года),аккаутинг (2 месяца);Продажи, повышение в должности, вертикальная или горизонтальная карьера, заключение сделок, выстраивание работы отдела проектов, стратегия, коммуникации с боссом, создание проектов с нуля, трекинг и тестирование гипотез продукта, custdev;Telegram.me/najlya +79886519937
Ульяна;Senior Business Analyst/Product Owner at EPAM (Kyiv);Бизнес-аналитика, системный анализ;2;3 года в тестировании;роль ПО, беклог менеджмент, планирование, видение продукта, саморазвитие;uliana.shumelda@gmail.com
Сергей Елизаров;Системный аналитик, СКБ Контур, Екатеринбург;Бизнес-аналитика, системный анализ;1;Нет;"1. Кто такой системный аналитик, особенности работы в различных компаниях -- очень много общался с разными менторами, читал много статей на этот счёт и ходил на конференции
Поработал до Контура в небольшой продуктовой команде, где приходилось совмещать несколько ролей сразу
2. Как стать аналитиком? Какие скиллы нужны на старте? Чего от меня хочет команда? 
Попал на стажировку, будучи студентом 3 курса и развиваюсь в айти параллельно с учёбой 

Если обобщить -- могу дать вводную и поделиться информацией, которую ещё вчера муторно искал сам

Могу помочь ребятам с entry/intern/junior уровнями, 
будет круто, если мой опыт поможет кому-то сэкономить время на старте карьеры)";telegram: @xvxshx
Станислав Худяков;Бизнес/системный-аналитик;Бизнес-аналитика, системный анализ;2;Project-manager - 1 год, html-верстальщик - 1 год;Процесс разработки продукта, взаимоотношения аналитика с другими участниками команды, описание процессов и требований, сложные интеграции, безопасность продуктов, улучшение процессов внутри команды.;shoodyakoff
Ольга Евсеева;Руководитель Отдела организационного развития, ADAMAS, Москва;Бизнес-аналитика, системный анализ;5;"📌Корпоративное обучение
📌Дистанционное обучение
📌Управление проектами
📌 Управление изменениями";"⭐Организационное развитие:
Создание системы: организационное структура, построение, оптимизация и автоматизация процессов. 
⭐Документирование:
Разработка нормативных документов и соблюдение баланса между бюрократией и хаосом.
⭐Управление проектами:
Минимальный набор необходимых документов, работа с внутренними и внешними командами, управление проектом и пр.
⭐Управление изменениями:
Как ""продать"", как обучить и собрать обратную связь, ну как сделать так, чтобы ""взлетело"".
⭐Обучение сотрудников:
Как сделать так, чтобы новые процессы стали понятны всем.
Методики обучения взрослых
Как учить hard и soft skills";Телеграм @EvseevaO ( https://t.me/EvseevaO)
Виктория Сапожникова;Product Owner, T-Systems Russia (Спб.), совместный проект с SBB (Switzerland);Бизнес-аналитика, системный анализ;5;Corporate Finance, 1 year;Product Ownership, deep dive в преметную область, сбор требований, старт новых проектов, работа с зарубежными партнерами/заказчиками;t.me/sokolviktory
Ольга Пономарева;Старший аналитик, Тинькофф, Москва (активно перемещаюсь по миру, сейчас работаю удаленно из Бразилии);Бизнес-аналитика, системный анализ;5;QA (2 года);"- аналитика (как легко и наглядно донести до команды суть задачи, как структурировать что-то сложное и непонятное в тз)
- собеседования (как правильно подбирать людей в команду)
- менторство (о выстраивании отношении и обратной связи, проведении 1 на 1, создание психологической безопасности)";telegram: @olepo
Сергей Чухин;Старший аналитик, Innovative People, Москва;Бизнес-аналитика, системный анализ;3;Чуть менее года разработчиком (консалтинг), чуть менее года менеджером проекта (интеграция систем аналитики), пару месяцев менеджером проекта (мобильное приложение, ставки);Постановка задач, аналитика и управление процессом, взаимодействие внутри и между командами;telegram: @sergeychukhin
Олег Шмитов;Ведущий системный аналитик, СКБ Контур, Екатеринбург;Бизнес-аналитика, системный анализ;5;Менеджер разработки, 1 год;Карьерные вопросы и кризисы, психология человеческого поведения, самоорганизация и самореализация на работе, автоматизация скучных задач, архитектура решений, проектирование API, принятие решений, инструменты аналитика: python, git, bash, sql, mongodb, clickhouse, redash, js, русский язык и понятная формулировка мыслей.;https://t.me/OnceUponOleg
Ксения Безукладникова;Бизнес-аналитик в Devexperts (Петербург);Бизнес-аналитика, системный анализ;7;вся моя карьера так или иначе связана с аналитикой, но я успела попробовать разные форматы - работала и в корпорации, и  в стартапе;"Системное мышление,
Управление требованиями, 
Коммуникация внутри команды и с заказчиками, 
Навыки быстрого погружения в сложную предметную область (я сейчас работаю в финтехе)";"xenia.bezu@gmail.com; https://t.me/xeniabezu"
Поляница Никита;Product owner, Сфера банк, Сколково;Бизнес-аналитика, системный анализ;7;В роли product owner около года. До этого занимался бизнес анализом 6 лет. Не системным. Именно бизнес аналитика.;Бизнес анализ, Agile (в основном Scrum), product owner, Scrum master.;Telegram
Евгений Степовой;Старший системный аналитик, Альфа-Банк, СПб;Бизнес-аналитика, системный анализ;8;"суммарно бизнес-аналитик и системный аналитик - 8 лет
Также Product-Owner - 1 год
2-3 года в тех поддержке";прохождение интревью);nevograd@gmail.com , телеграмм - @nevograd
Николай Скороходов;CMO HiClever;Бизнес-аналитика, системный анализ;20;"Сеть +- 100 точек разливное пиво (оборудование , обслуживание, поставки пива) 5 лет  ; сеть ресторанов 10 шт Зеленоград/Москва 15 лет";Структурирование компании, бизнеса, метрики, продукты каждого члена команды, финпланирование,  аналитика , нахождение прорывных надсистемных решений через ТРИЗ, ТОС , JTBD. Прогнозирование будущих трендов и благодаря этому, отстройка от конкурентов. Продуктовое мышление.;WhatsApp: +79775787699, telegram: @nikspro
Irina Kremleva;Директор по Финансам и стратегическим проектам в крупной международной компании и Эксперт по аналитике в Startup акселераторе;Бизнес-аналитика, системный анализ;12;3 года продакт менеджмент и управление продакт менеджерами в Agile проектах;Аналитика, выстраивание и улучшение процессов, финансы, управление проектом;Telegram: irina_kremleva
Петр Мищенко;Владелец, ITNOVATOR;Бизнес-аналитика, системный анализ;20;Финансы (13), Разработка и технологии (15);Построение и автоматизиция бизнес-процессов сбора данных, настройка системы отчётности и анализа данных и финансов;@Petr_MG
