﻿name;position;profession;profexp;anotherexp;strongs;contacts
Евгения Ращупкина;Руководитель Школы Методистов в Skillbox, Founder проекта LXDhero.com, автор Телеграм канала LX notes;Преподавание;5;педагогический дизайнер, бизнес-тренер, фасилитатор, коуч;Управление командой, планирование, развитие команды, образование;Telegram @ideva Facebook https://www.facebook.com/eva.rashch
Рустам;Москва, учитель английского языка, средняя общеобразовательная школа;Преподавание;3;Начальник управления розничных продаж, газпромнефть (2013-2019), директор проектного офиса, велта (2009-2013), директор по развитию, русский лес (2005-2009);Меткогниция, life long learning, поиск себя в новых условиях.;rustam.agamaliev@gmail.com или 89104878578.
Юля Богданова;Менеджер по обучению, Tele2, Москва;Преподавание;4;1 год в журналистике и пиаре, 3 года менеджер проектов ИТ-агентствах и видео-продакшенах;Создание образовательного контента: вебинаров, лекций, воркшопов, видеокурсов. Создание образовательных продуктов в целом. Умею работать с экспертами-практиками и превращать их опыт в удобоваримый контент для слушателей. Подготавливаю к вебинарам, воркшопам. Делаю аудит программ. Использую продуктовый подход, в фокусе держу пользователя.;https://t.me/y_bogdanova
Светлана Мерцалова;Методист онлайн курсов, Skillbox, Москва;Преподавание;7;Маркетинг, более 10 лет;Анализ целевой аудитории, бизнес-педагогика, профориентация, педагогический дизайн;@svet_roza_nova
Маша Баженова;Методист курсов, издательство МИФ (удаленка, живу в Петербурге);Преподавание;9;e-learning manager (Skyeng, 2 года), бизнес-тренер (М-Стайл 2 года), руководитель HR/методист (Юниум, 5 лет);педагогический дизайн, проектирование образовательного продукта;телеграм @bazhenova_bazhenova
Яна;Главный методист Skyeng Premium;Преподавание;11;Тренер по job interview, Ивент-организатор (2 года), образователь в неформальной сфере (3 года), Talent Manager (3,5 года), переводчик (8 лет);Менеджмент коммьюнити, работа с болями клиентов, образовательные тренды: почему что-то не работает, Job Interview стратегии;Телеграм @chanasher/ Facebook Яна Шер
Юлия Савушкина;Преподаватель иностранных языков, педагогический дизайнер. Работаю как ИП с топ-менеджерами РусГидро, Disney, MTT и др.;Преподавание;13;Предпринимательство;Преподавание и изучение иностранного языка, педагогический дизайн, андрагогика, детская и взрослая психология в образовании, построение learning maps.;@Juliasavushkina
Дмитрий Широков;Методист онлайн-образования, НИУ ВШЭ (Москва);Преподавание;12;Разработка веб-сайтов, дорабатывал образовательные онлайн-платформы (moodle/ejudge/mediawiki);Образование. Видел образование с разных сторон, создал с нуля онлайн-поддержку образования для 500 учеников.;@dd_sh, ddsh@ddsh.ru, полные контакты на ddsh.ru
