﻿name;position;profession;profexp;anotherexp;strongs;contacts
Влад;Психолог;Психология;2;ux/ui дизайн, видеосфера (монтаж, съемка, колористика, анимация), навыки редактуры (год в журналистике);Психология, софт скилл, общение с клиентом, заказчиком, выступление, подготовка презентаций.;@just_ez - телеграмм
Анастасия;Москва, психолог-консультант;Психология;2;Тренер по обучению;Осознанность, навыки эффективной коммуникации, ассертивное поведение, эмоциональная саморегуляция;Через мессенджеры  тел.: 89259146966, Через сайт joyvnas.club
Платон Федоров;"Клинический психолог, психотерапевт - частная практика (Санкт-Петербург); Методолог, с функциями организационного психолога и консультанта по науке в стартапе по созданию чат-бота психолога;";Психология;5;Преподавание психологии в вузе - 2 года, ведущий и автор образовательных и психологических тренингов - 2,5 года, проведение психологических исследований в организации - 1 год;"Эмоциональная саморегуляция и эмоциональный интеллект; 

Профилактика выгорания и профессиональных кризисов; 

Выстраивание экологичной и эффективной коммуникации при дистанционной и очной работе;

Формирование и донесение до команды методологии и философии продукта;

Адаптация к любым профессиональным изменениям (как при смене работы, так и при кадровых перестановках);

Организация распределения потоков задач в команде с учётом социально-психологических явлений;

Поддержка креативности в команде.";Телеграмм @theplatone, +79214224936
Анна Шаховец;Директор Supply Chain, Carlsberg, HQ Zurich. Карьерный коуч;Психология;17;продажи B2B, коучинг, менторинг, рекрутмент;рекрутмент, управление командой, управление глобальными проектами, переговоры, коучинг, закупки;anna.chakhovets@gmail.com
