﻿name;position;profession;profexp;anotherexp;strongs;contacts
Татьяна;Наставник в GeekBrains;Консалтинг, коучинг;1;Разработка банковских продуктов, собственный бизнес по доставке воды.  Опыт  15 лет;Юнит-экономика, коммуникации;Телега @TanyaChasovnik
Алиса;Карьерный коуч, коуч творческих предпринимателей и коуч по навыкам продуктивности;Консалтинг, коучинг;2;11 лет предпринимательства (как фрилансер и создатель своей школы красоты);Продуктивность, стратегия, личный бренд;Telegram @who_is_alice или почта alisa.siarheichyk@gmail.com
Лидия Попова;Agima (agima.ru), lead project manager (с выходом на PMO);Консалтинг, коучинг;5;"— 10 лет в market research (b2b-исследования, автомобильный рынок, DIY);
— 6 лет в менеджменте веб-проектов, от PM до group head;
— управление проектами в других областях: организовала и провела исследовательский проекта для Toyota Motor RUS; придумала и реализовала он-лайн систему KPI для дилеров Mercedes / Toyota / Lexus; 
— менторинг знакомых PM и тим-лидов :)
— смена сферы деятельности (market research --> web-design).";"— разберу рабочие кейсы, связанные с процессами, проектами, управлением людьми;
— поделюсь управленческими кейсами и факапами, чтобы не пришлось повторять тоже самое;
— помогу вырасти из джуна в синьора; для технических ребят — с точки зрения софтскиллов;
— поддержу в выгорании и усталости (ушла в 2019, 2020 провела с собой);
— сделаю ревью резюме и помогу подготовиться к собеседованиям; для технических ребят — с точки зрения софтскиллов.";t.me/teamLidia
Наталья Старостина;CEO, владелец компании www.myfragment.ruu;Консалтинг, коучинг;3;16 лет суммарный опыт управления компаниями. Реальный сектор, fashion сегмент - 12 лет CEO, онлайн-школы, 2 года;онлайн-школы - поиск узких мест, анализ unit, разработка маршрутов для масштабирования, разработка системы мотивации команды на основе иерархии метрик, настройка работы отдела продаж;www.myfragment.ru телеграм @nataschastar
Александрова Наталья;Профессиональный коуч, РСС ICF, ментор, Москва;Консалтинг, коучинг;5;преподавание музыки - 2 года, административная деятельность - 5 лет, Рекрутмент -4 года, карьерное консультирование - 4 года;Построение карьеры, смена сферы деятельности, адаптация на новой работе, в новой должности, повышение уверенности в себе, эмоциональная устойчивость, переходный период, кризисы в карьере, развитие профессиональных и личных компетенций, баланс работы и жизни, поиск смыслов, лучше понимать себя и происходящее со мной в жизни;89162223133
Лилия Бикбова;Совладелец, тренер по презентациям, esprezo, Москва;Консалтинг, коучинг;3;Работа с клиентам (аккаунт менеджмент в рекламе → 4 года);Как передавать знания просто, как взращивать в сотрудниках уверенность в себе и раскрывать их потенциал, как выстраивать коммуникации с собой, коллегами и клиентами;TG → LiliaBikbova
Мария;Менеджер в консалтинге в EY (Москва);Консалтинг, коучинг;7;Нет;Структурирование, работа со стейкхоледрами, коммуникация, гэп-анализ, дизайн процессов, customer experience design, построение продуктового подхода с 0;Телеграм: aime239
vetas raznostoronniy;Founder, Creative Happens, Moscow;Консалтинг, коучинг;7;15, digital marketing (ecom, real estate, education);Управление креативностью команд;vetas@creativehappens.ru
Ivan;Icareum стартап, консалтинг ATOS;Консалтинг, коучинг;10;Проджект с гибкими методологиями, руководитель отдела разработки, тимлид, фаундер стартапа;Стратегия, построение и ведение команд, коммуникация, проектная и продуктовая разработка;tgram: @svirinstel
Павел Колодяжный;Ex диджитал-дизайн директор Альфа-Банк;Консалтинг, коучинг;20;Предприниматель, организатор конференций, преподаватель (ИКРА, Британка, свои курсы), арт-директор, дизайнер, ментор/трекер стартапов в акселераторе ФРИИ. Все это параллели с основной деятельностью.;Гармоничное развитие руководителя;Telegram @iderns
Елена Ануфриева;Руководитель отдела внедрения ERP систем;Консалтинг, коучинг;13;Бухгалтерия и финансы - 3 года;Внедрение учетных систем, IT, проектное управление, бизнес анализ, особенно для начинающих специалистов;Anufrievae@gmail.com
Дмитрий Мельников;"Владелец ООО ""Атуум"" Минск Беларусь";Консалтинг, коучинг;30;Виноторговая компания 10 лет, Оф-лайн-ритейл 10 лет, Е-commerce 10лет;Прогноз драматургии развития бизнеса, инвентаризация и оцифровка рейтинга помогающих и мешающих факторов, поиск ключевой задачи, нахождение неочевидных способов разрешения проблем;melnikov@expedition.by
Татьяна Демиденко;независимый специалист, консультант;Консалтинг, коучинг;16;11 лет в 6 индустриях, от менеджера по рекламе до продакт-маркетолога, с 2017 развиваю частную практику. Работала в клининге, на фармацевтическом производстве, в консалтинге в коммерческой недвижимости, образовательном проекте, в торговле (опт-розница), в SaaS-стартапе по 1-3 года.;"Маркетинг услуг: распаковка и упаковка смыслов, донесение ценности и формирование доверия, коммуникации в течение жизненного цикла клиента (лояльность, повторные покупки и т.п.). Я умею находить дыры в коммуникации и ориентируюсь в способах их устранения.
Уверенность в себе как специалисте и самопрезентация (упаковка скиллов), частная практика и путь ее развития, позиционирование частных специалистов и проектов.";tetyana.demydenko@gmail.com
