﻿name;position;profession;profexp;anotherexp;strongs;contacts
Новиков Владислав;Product manager, Homeapp, Москва;Управление компанией, топ менеджмент;2;Год в IT консалтинге;"Построение продуктового процесса; проектирование корневых решений, которые решают группы проблем по цепочке (могу помочь найти); стратегия";@Dragon_lancer
Roman Stirbu;CEO, Simpals, Moldova;Управление компанией, топ менеджмент;17;product manager, project manager;Стратегия, целеполагание, опыт в запуске продуктов B2C, C2C, B2B, B2G;@stirbu
Роман Васягин;Управленец и собственник, sab1.ru, Москва;Управление компанией, топ менеджмент;6;"Предпринимательство - 6
Финансы - 3
Операционная деятельность - 3
Маркетинг - 1";"Управление компанией
Финансы
Инвестиции";Телеграм @RomanVasyagin, почта roman@sab1.ru
Максим Алексашкин;Заместитель руководителя Департамента информационных технологий Правительства Москвы, г. Москва;Управление компанией, топ менеджмент;10;"Разработка ПО - 5 лет; Реклама, интернет-маркетинг, продукт - 5 лет";Умный город, GR, управление продуктами, HR, управление командами, управления изменениями;t.me/@nosurrenderrr
Олег Остапенко;Ceo Boost2.pro, Ceo Yosa.run;Управление компанией, топ менеджмент;8;Продакт, Маркетинг, Руководитель - запуск Saas продуктов (3+), запуск мобильных приложений (3+);"Запуск и маркетинг Saas, мобильных приложений, медиа ресурсов; Управление командой; Growth haking";Telegram - cakemaster
Евгения Гончеренок;Founder , CEO, Petsitters, Belarus , Poland;Управление компанией, топ менеджмент;6;Трейдинговая компания 1.5 лет , управляющий директор;Стратегия , развитие;goncherenok.evgeniya@yahoo.com
Максим Опилкин;CPOв компании na_polke, СПБ;Управление компанией, топ менеджмент;10;"5 лет в продажах ИТ-продуктов, 
2 года трекер в корпоративном акселераторе";Целеполагание, управление изменениями, программы акселерации, формирование продуктовой стратегии, организация команд роста, change - run процессы.;@mopilkin
Ирина Енгалычева;Главред в Level One;Управление компанией, топ менеджмент;3;До работы с контентом работала в музеях в PR-отделах и отделах развития;Поиск сотрудников, налаживание процессов, getting things done, не бояться делать что-то совсем новое;Телеграм, @uuiioouuiioo
александра томашевская;СЕО potok.io;Управление компанией, топ менеджмент;3;7 лет, работала проджект менеджером, потом продакт менеджером, потом СОО;Рекрутинг и hr, управление командой;@sashapotok
Rostyslav Maikovych;Chief data officer, Parimatch, Kyiv;Управление компанией, топ менеджмент;3;risk management - 3 years, consulting - 3 year, data analytics - 3 years;Strategy, team formation, analytics, business and financial modeling,;telegram @Ros_m
Борченко Павел;"Генеральный директор в ROBIN (ООО ""Робин"", Москва)";Управление компанией, топ менеджмент;1;Системный аналитик (сфера BPM) - 3 года, Руководитель отдела системного анализа - 2 года, Product Owner - 3 года;"Много опыта (плохого и хорошего) в запуске своего продукта для enterprise-компаний, управлении командой и компанией. Начинал с команды из трёх человек, сейчас выросли до компании из 50 человек, с продуктом, которым пользуются крупные компании из всех сегментов.

Компания/продукт: https://www.rpa-robin.ru/";Емейл (pborchenko@gmail.com), Telegram - pborchenko
Женя Гончаров;Руководитель Маркетплейс Менеджмента и Повышенных классов в Ситимобил;Управление компанией, топ менеджмент;6;5.5 лет в корпоративных финансах - M&A;Стратегия, коммуникация, управление командой, построение новых направлений с нуля в корпорациях;TG: @strategyhero
Екатерина Иртикеева;СПб, соучредитель консалтинговой компании;Управление компанией, топ менеджмент;25;Консалтинг, 1 год;Лидерство, орг. развитие, корп. культура;89272080013
Таисия Сабурова;IT Business partner, Банк Санкт-Петербург (СПб);Управление компанией, топ менеджмент;6;Владелец продукта (3 года), Руководитель проектов (3 года), Менеджер корпоративных продуктов(2 года).;Стратегия, коммуникация, составление  роадмапов.;Telegram @Tajusha
Ирина Летуновская;CEO в доставке Закажи Батон;Управление компанией, топ менеджмент;1;менеджер проектов 9 лет;Проджект менеджмент, human relations в команде;@i_letunovskaya
Елена Ложкина;Основатель и продюсер в Театр-бюро «Голубой вертолёт» и со-основатель сайта мировых трансляций в области исполнительских искусств amadeustream.com;Управление компанией, топ менеджмент;13;Директор по маркетингу (8 лет), директор по спец-проектам (3), генеральный/управляющий директор (5);Запуск бизнеса онлайн для творческих профессий (стратегия, инструменты, психология).;What’s app +79031860803 или телеграмм ELozhkina
Антон;Руководитель проектов по инновациям, Леруа Мерлен;Управление компанией, топ менеджмент;2;10 лет, от digital producer и продажника в Студии Лебедева до продакт-менеджера в ТАСС;UX, коммуникация, общее вкатывание в карьеру продакта, работа с гипотезами;Телеграм: @the1ntonio
Кирилл Трубанёв;Директор по цифровизации, Красцветмет;Управление компанией, топ менеджмент;5;ИТ и стратегический консультант 5 лет Accenture, менеджер стратегического консалтинга 2 года Accenture и Roland Berger, директор по стратегии 3 года Sberbank CIB, продакт Поток.Диджитал Альфа-Банк 1 год;Цифровые бизнес-модели и продуктовый менеджмент в производственных компаниях, внутренние и B2B-продукты, переход продуктового лидерства внутрь предметных областей бизнеса традиционных компаний, Agile в производственных компаниях, управление портфелями продуктов по направлениям бизнесов.;kirill.trubanev@gmail.com или чат +79166182047
Наталья Гиованоли;Global website manager, global e-commerce Stokke (Stuttgart);Управление компанией, топ менеджмент;7;7 лет. Marketing, digital marketing, live communications;Стратегия, аналитика, управление проектами, data analysis;ngiovanoli@gmail.com
Denys;CEO, DreamApp, London;Управление компанией, топ менеджмент;1;8, product manager;Product, analysis, design;Telegram @dchumak
Andrei Mavliev;CTO, Aram Meem LLC, Riyadh;Управление компанией, топ менеджмент;20;Development 5yr, investment banking 5yr, corporate business management 5yr;Product management, business management, technology management;Telegram +14084105543, mavliev@icloud.com
Никита Крыкин;Ex CEO & CPO N1.RU;Управление компанией, топ менеджмент;3;CPO 33 Слона, unit leader Avito, CPO Board Maps, CPO Yota, head of product and design at Ingate;Целеполагание, работа над продуктом, пользовательские исследования, работа со стэйкхолдерами, стратегия, построение аналитики в продукте;Nikita.krykin@gmail.com
Андрей Коваленко;CPO, Pike Media Lab, Москва;Управление компанией, топ менеджмент;15;Да (руководитель ИТ, тренер);Управление командами, построение процессов, найм персонала, медиа, стриминг видео, развитие продаж;Tlg @sixti_man
Александр Годунов;"Директор ООО ""Сингулярные решения""";Управление компанией, топ менеджмент;2;Программист, аналитик, математик 10 лет;Аналитика, стратегия проектирования сложных программ и сервисов с большим количеством возможностей, кастдев, тесты на пользователях;Телеграм @a_godunov
Дмитрий Лапин;Директор технологической лаборатории Clover Global (Москва);Управление компанией, топ менеджмент;2;В обратном порядке - 1 год преподавателем, 3 года в НИИ МГТУ им. Баумана ведущим исследователем, 2 года инженером;Стратегия развития от аналитика до директора, системная аналитика и архитектура, как выжить в русском бизнесе будучи честным технарем, особенности B2B в промышленном секторе, особенности продуктовой логики в B2B в промышленном секторе, как организовываться внутри и внешне относительно других отделов и подразделений в фирме.;@DmitriyLapin
Александр;СЕО в RentRide, Москва;Управление компанией, топ менеджмент;8;с 2001 года в ИТ от студии веб дизайна и рекламы до автоматизации заводов, импорт из США и Италии ТНП, дистрибьюция.;Стратегия, тактика, анализ рынков, CX;tg: @AlexanderLadygin
Андрей Шахбазов;Преподаватель РАНХиГС, Москва;Управление компанией, топ менеджмент;5;Более 30 лет, топ менеджер в области развития бизнеса , управления проектами, управления персоналом и оргтразвтия, компании - o&g, fmcg, Росатом доч общества;"Стратегия, оргразвитие, управление проектами, управление персоналом, развитие бизнеса
IT  и R&D";Shakhbazovas@mail.ru
Sergey;СЕО агенства Start Up & Fly (Сочи, Сан Франциско);Управление компанией, топ менеджмент;5;Развитие бизнеса, международные продажи;Вывод продукта на зарубежные рынки, B2B продажи, поиск и запуск sales команды, тестирование гипотез, Go-To-Market стратегия;sergey@startupandfly.com или в телег: sergey_kri
Миша Семёнов;СЕО/Со-основатель в Кьюби qbbox.ru;Управление компанией, топ менеджмент;4;Финансовый аналитик / CFO 3 года, продакт 2 года;Собственный бизнес с нуля. Российский венчурный рынок: инвесторы,  инвестиции, питчи. Юнит-экономика. Финмодели. MVP/zero-code. Базовая аналитика;Телеграм @msfff
Владимир;CEO sboard.online - онлайн-доска для дистанционных занятий;Управление компанией, топ менеджмент;4;3 года предпринимательства, 7 лет репетитором и даже 2 года учителем в школе;MVP, стартапы, аналитика, юнит-экономика, развитие сервисов по подписке;тг @ki4pus
Артем Чуканов;Москва, маркетинг разного пошиба как ИП;Управление компанией, топ менеджмент;14;19 лет. Продюсер видеоигр, мобильных игр, руководитель Games.rambler.ru, CPO Кинохода, CPO в ИСС (приложение Мосгорпасс);Если верить бывшим коллегам, сильная сторона - формировать коллективы, способные решать поставленные задачи.;Tg @artemchukanov
Владимир;CEO в 3Pulse.com (Санкт-Петербург);Управление компанией, топ менеджмент;10;"Дизайн - полиграфия/веб (2 года); продажи - офисная техника/мебель/мобильные устройства (1 год); предприниматель - много разных областей (15 лет)";Аналитика, UX;provolod@gmail.com
Тимур Казанцев;Web аналитик РС Промо / Управляющий партнер Пиксайт (Челябинск);Управление компанией, топ менеджмент;8;Всю жизнь в одной профессии;Стратегии развития в интернете, seo, интернет маркетинг;tg @tkazantsev, linkedin Тимур Казанцев
