﻿name;position;profession;profexp;anotherexp;strongs;contacts
Любовь Гончарова;Product owner (акционные механики), МТС (интернет-магазин), г. Москва;Продакт менеджмент;2;Переводчик, менеджер по продажам, менеджмент в научном НКО, проджект в диджитал агентстве, микро-предприниматель. Суммарно более 7 лет.;Воронки в оформленный заказ, usecase, ux исследования, построение пользовательских путей;@poppy_coloured в телеграме
Игорь Тростников;Директор по продуктам, АО НСПК, Москва;Продакт менеджмент;2;Project Management, Банки - 7;Продукты в финансовом секторе. Экспертиза в платежах;https://t.me/igor_trostnikov
Владислав Пирожков;Project/Product Manager, Promobot, Пермь;Продакт менеджмент;2;1 год в e-commerce;Управление продуктом, управление проектом, user research, JTBD, design thinking, операционный менеджмент, управление командой;tg: vladplazmus
Анна Бедулина;Product Manager, Rakuten, Tokyo;Продакт менеджмент;1;2 года работы как бизнес аналитик;"-Начало карьеры в продакт менеджменте
-Общение с кросс культурной командой, работа за рубежом
-Развитие b2b продукта с нуля, общение с клиентами";@anna_bedulina
Анна Черданцева;Продакт-менеджер в profi.ru, Москва;Продакт менеджмент;2;1.5 года до перехода в продукт была продуктовым аналитиком, еще 1.5 года - научным сотрудником в институте глобального климата и экологии;"- дизайн и UX-исследования 
- работа с командой
- продуктовая аналитика, запуск АБ-тестов";p_annet
Мария Любимцева;Продакт-менеджер в Яндексе, Москва;Продакт менеджмент;2;5 лет в маркетинге, доросла до директора по маркетингу;Переход в продакты, веб-аналитика, продуктовая аналитика, каналы привлечения и метрики, проджект-менеджмент, прокачка тех скиллов для гуманитариев :);Телеграм @maria_ly
Алексей Шапкин;Product Owner, OSOM (Tallinn, Brussel);Продакт менеджмент;2;Научные исследования - 5+ лет, управление проектами фундаментальных исследований и космического приборостроения  - 4 года, Управление проектами по ИТ системам для инвестиционного бизнеса - 3 года;Аналитика, Стратегия, Тактика, Коммуникация;Telegram @AlexSh1984
Диана Зарипова;Продакт-менеджер в FIX (Казань);Продакт менеджмент;2;Бизнес-аналитик - 2 года;Аналитика, продуктовые метрики, продуктовая разработка.;Telegram: faintirony
Ваня;Руководитель продуктового направления (несколько продуктов для определенных JTBD) в Webinar Group;Продакт менеджмент;2;2 года - продуктовый аналитик (последние полгода - тимлид продуктовой аналитики). 0.5 года - стратегический консалтинг;"1. Стратегия - ее составление и обоснование 
2. Продуктовая аналитика, юнит-экономика и статистика
3. Снятие и отцифровка проблем и работ клиента на продажной встрече
4. Проверка гипотез - качественные тесты
5. Проверка гипотез - количественные тесты 
6. Запуск новых продуктов/модулей 
7. Организация работы по Agile и вовлечение разработчиков в процесс";Телеграм, WhatsApp: +79689282042. Fb: https://www.facebook.com/ivan.shugaylov.9
Максим Лебедев;product owner в Semrush (Санкт-Петербург);Продакт менеджмент;2;До этого работал бизнес-аналитиком 2 года;Коммуникация, аналитика, статистика, формулирование и проверка гипотез;Telegram @m_lebedev
Оля;Продакт оунер в 21век (Минск);Продакт менеджмент;1;2, BA;работа с командой, приоритезация, коммуникация;lolabraums@gmail.com
Оксана;product manager + CTO в hyls.ru(РФ, удаленная команда);Продакт менеджмент;1;"coFaunder - бренд детской одежды, 1 год; marketing manager, CMO - 10 лет - разнообразные проекты;";Аналитика, статистика, пользовательские исследования, UX;https://t.me/oksa_ya
Николай;Продакт-менеджер в Readdle (Одесса);Продакт менеджмент;1;Менеджер по сбыту - 3 года, собственный IT проект - 4 года, операционный директор - 2 года;Кастомер девелопмент, продуктовое мышление, бизнес-процессы.;телеграм @empR10
Дария;Продакт менеджер - ТК Топливные Решения ( Москва);Продакт менеджмент;1;"Собственный бизнес: Детский сад по франшизе + открытие ведение 12 точек (2 года) внутри сети; столовая 1 год";Развитие сервисов внутри продукта, Figma/cinema4d, коммуникация, стратегия;+7 925 031 96 24 (WhatsApp)
Илья Гладченко;Product Manager, Prom.ua (EVO), Kyiv;Продакт менеджмент;2;3 года - Project Manager, 4 года - Operations and support;Управление командой разработки, процессы, быстрые запуски новых продуктов/проектов, e-commerce, fintech, логистика.;telegram: ilya_gladchenko
Саша Николаева;Продукт менеджер в стартапе Yoti (Лондон);Продакт менеджмент;1;Проджект менеджер: 5 лет (в брендинговом агентстве, в российском продакшене, в лондонской компании);Выстраивание процессов и роудмапов между командами работающий над одним продуктом;Телеграм (@sashachamber) / почта (sashachamber@gmail.com)
Аня;Продакт менеджер в компании Домовенок, Москва (живу в Дублине);Продакт менеджмент;1;Да, раньше была там же коммерческим директором и директором по маркетингу в стартапах, запускала продукты в Unilever, работала в страт консалтинге и вела бизнес проекты в екоммерсе (Викимарт). Маркетинг 6 лет, управление людьми и бизнес проектами 10 лет;"Управление людьми и командой
Маркетинговая стратегия
Понимание людей и из мотиваций
Продажи, коммерческий успех
Продуктовый маркетинг

Продуктовые темы пока развиваю";Почта aisavelieva@gmail.com, Telegram aisavelieva
Евгений Бобровский;Product Manager в стартапе ZAN (Москва);Продакт менеджмент;1;Руководитель Digital-агентства, Digital директор в инвестфонде (опыт в Digital c 2015 года);Стратегия запуска и развития проекта, разработка маркетинговой стратегии и конкретного плана, выстраивание процессов тестирования гипотез, бизнес-процессы в команде, найм и построение команды;https://t.me/e_bobrovsky
Ольга;Product manager , Deca games Live Operations (Германия);Продакт менеджмент;1;Product Marketing Manager, продвижение ААА-игр, 2 года. PR-менеджер (музыкальная и медицинская индустрии) 3 года. В общей сложности опыт в маркетинге в разных сферах (были агентства) 7 лет);Маркетинговые стратегии и планы, управление масштабными многозадачными проектами (роадмэпы, приоретизация, управление командой и т.д.).;WhatsApp (+79696578668)
Наталья Сарханянц;Форсайт (Россия), Product owner;Продакт менеджмент;1;инженер-программист, аналитик (бизнес, системный, консалтинг), тимлид (общий опыт - 8 лет);Аналитика (системная и бизнес), управление проектом, управление командой, проектирование, личный и личностный рост;89165833323 (tel, whatsapp), n.sarkhanyants@gmail.com
Андрей;Продакт менеджер, Omo.systems, Киев;Продакт менеджмент;2;Проджект менеджер, 6 лет;Менеджмент проектов, hardware стартапы;andrew.daneliuk@gmail.com
Станислав Шевченко;Продакт менеджер в Билайн;Продакт менеджмент;2;2 года проджект менеджер, 1 год техподдержка b2c;Управление проектами;Telegram: @stanshevchenko
Gleb;Product Manager (bodia.online - Ukraine);Продакт менеджмент;2;CEO local programming courses, Project Manager.;Коммуникация, роадмап, тестирование, требования.;t.me/davyjonesbeard
Эмиль Магеррамов;Руководитель группы вычислительной химии, BIOCAD, Санкт-Петербург;Продакт менеджмент;4;Data Science, 3 года;Project/Product management в Data Science;Telegram @lemhell
Елена Деребера;Product Manager at YouScan, Kyiv;Продакт менеджмент;4;Маркетинговые исследования 1,5 года;Работа с командой, UX, аналитика, работа с людьми;heyolena в телеграм
Максим Шашков;CEO, MangaFY Tel Aviv;Продакт менеджмент;5;Предпринимательство - 2 года;Продукт. JTBD и касдев. Построение MVP (быстрое тестирование гипотез);telegram: @Maxxxsh
Александр;Product Owner at ACI Worldwide;Продакт менеджмент;3;QE - 3 years, electronic engineer -4 years;Коммуникация, Agile, распределенные команды;+79877313302  ватсап, телеграмм
Наталья;Mobile Product Manager в easypay.ua (Киев);Продакт менеджмент;3;2 года в аналитике;Аналитика, статистика, user research, customer development;мой тг - @pomaranch
Михаил;Продакт в Careem;Продакт менеджмент;3;Проектировщик - 3. UX-Аналитик - 2. Кофаундер - 5 (параллельно);Дизайн процессов и культуры, стратегия, growth loops;telegram:toocun
Маша Ракитина;Продакт в BigData МТС (Москва);Продакт менеджмент;3;Проджект, 10 лет;Стратегия, cjm, метрики лояльности, юнит-экономика, приоритизация;Tg: @itmouse
Евгений;Продакт менеджер в Яндексе;Продакт менеджмент;3;Digital-маркетолог, 5 лет;Аналитика и работа с данными, построение процессов;Телеграм @powkh
Рената;Продакт в Acronis (Москва);Продакт менеджмент;3;3 года в техподдержке, до этого год в продажах;Юзер ресерч и коммуникация с пользователями;TG: @clumsylissa
Альфия;Банк, Москва;Продакт менеджмент;3;Все вокруг продуктов, больше 10 лет;Предпринимательство, мой конек - женское;Телеграм @myalfiya
Владимир;Product manager SberUniversity;Продакт менеджмент;3;3 года, project manager;Работа с командой, управление требованиями, аналитика, личный рост;@vsaferov
Денис Рублевский;Старший продакт;Продакт менеджмент;3;13 лет директор по развитию и директор по сбыту;Создание платформ;Телеграм по номеру телефона 89137980237
Pavel Sikachev;Head of Product - Kinship (Moscow);Продакт менеджмент;4;Product - 2 years, Head of growth - 3 years, PJM & Bizdeev - 5 years;Communication, Experiments, Roadmaps, Hiring;@pavelhere
Настя;Продакт в Wrike;Продакт менеджмент;4;до продукт-менеджмента была 2 года разработчицей в Intel;Рисерч, работа с инженерной командой;телеграм: @anastasia_shevchenko
Михаил;Владелец продукта международных переводов в ВТБ;Продакт менеджмент;4;менеджер проекта? бизнес аналитик;составление роадмапов;@mike5050
Антон Савченков;продакт-оунер DodoBrands;Продакт менеджмент;4;2 года - свой стартап;Стратегия, вижн, командные процессы, работа гипотезами.;тг - @daomaolao
Феликс;Product Yandex Maps;Продакт менеджмент;4;8  лет - project manager, programm manager, аналитик;Коммуникации, планирование/roadmap, аналитика, проектирование ис.;k.aganfi@gmail.com
Кучер Сергей Владимирович;Product Owner, bussr.com;Продакт менеджмент;4;Finances, cofounder;Product growth, Product delivery;telegram @gqclass
Nikita Endaltsev;Product Owner Raiffaisen Business Mobile;Продакт менеджмент;4;3 - Developer, 1 - Data Science;Валидация идей (продуктово + техническая валидация идей);tg: @endnikita
Кирилл;Product owner in  Atominvest.ru, product manager Emily.com;Продакт менеджмент;3;-;Интерфейсы для людей, коммуникация команды, lean аналитика, менеджмент разработки.;@ronzhin35
Дмитрий;Product at Raxel Telematics (USA / Singapore);Продакт менеджмент;3;Project Management, Digital Marketing, Entrepreneurship;Project Management, Digital-strategy, автоматизация маркетинга, дизайн;dmitry.nekrasoff@gmail.com
Ирина;Product Owner/BDM;Продакт менеджмент;3;6;Стратегия, коммуникация с клиентами, продвижение, монетизация;@wzvfr4ig
Артем;Сбермаркет;Продакт менеджмент;5;дев тимлид (5), проджект (5) продакт (5);юнит-экономика, роадмапы, коммуникация, стратегия;телега @asktommy
Андрей Морозов;СТО;Продакт менеджмент;5;Нет;бизнес-аналитика, управление проектами, продуктовая аналитика, сбор требований;https://t.me/andrei_morozov
Никита;Senior Product Manager @ Zalando;Продакт менеджмент;5;1 год консалтинг, 2 года операционка в стартапах;все по чуть-чуть;телеграм @quitt
Илья;Product owner, в большой рекламной сети, nda.;Продакт менеджмент;5;Маркетолог, проджект по два годах;Процессы, метрики, роадмепы;urm.mfx@gmail.com
Трофим Починков;senior product, Potok.io, Москва;Продакт менеджмент;5;мобильный геймдев, 2 года;мотивация, коммуникация с командой, стратегия;https://t.me/pochinkovtrofim
Михаил Войтко;Руководитель проектов, Сбер, Москва;Продакт менеджмент;6;Техническое преподавание;Управление проектами, маркетинг, продажи;Telegram
Саяхов Роман;Betting Insider, CEO;Продакт менеджмент;6;Запускал собственные проекты в gamedev;Продакт менеджмент и дальнейшие точки роста;tg: sayakhov
Kirill Grebtsov;Sr Product Manager;Продакт менеджмент;6;Project management, Customer support in Telecommunications;strategy, market research, hypothesis validation, prioritization, mapping experiences;grebtsov@gmail.com, @vonbismarck
Aleksandr Borovtsov;Product Manager;Продакт менеджмент;6;Project manager, 3;CustDev, продуктовая аналитика, startup;Telegram @ AleksandrBorovstov
Екатерина Подольская;Product manager - Badoo (London);Продакт менеджмент;6;-;Карьерное развитие, коммуникации, планирование и приоритезация;tg: @podolskaiakate
Alex Khvan;Sr Product Manager @ Joist (Toronto);Продакт менеджмент;6;2y Data analyst, 1y Business analyst;Data informed decision making, Product culture, User research, User Insights;ag.khvan@gmail.com
Iryna;Product Manager ( Wisebits, Vancouver );Продакт менеджмент;6;Software Project manager 2+, account manager 3+;Idea validation, MVP, cast dev, people management;solovyova.iryna@gmail.com, telegram: solophoenix
Daria Pasik;Product Manager, Sber, Moscow;Продакт менеджмент;8;Дизайнер мобильных интерфейсов;Исследования, Business Development;Eternityd
Solovey Kirill;CEO/Founder, SKADEX, Minsk;Продакт менеджмент;8;-;"Мобильные игры 
Мобильные приложения";T.me/ska802
Antony;Moscow, CPO at remotecamp;Продакт менеджмент;8;Architect, CTO, Product owner;BizDev;@AntonyMinkowski - telegram
Прошутинская Светлана;Москва, Яндекс, руководитель сервиса;Продакт менеджмент;7;Нагрузочный тестировщик, 5 лет;"Стратегия; коммуникация с командой, смежниками и заказчиками, роадмапы и тд";Телеграм: podnebesnaya_s
Людмила  Тимонина;Senior Product Owner в большой фарме, Прага;Продакт менеджмент;7;ex-Wrike, Semrush, раньше - координатор образовательных проектов, психолог по образованию;Пользовательские исследования, проверка гипотез, data driven подход, дизайн-мышление, B2B SaaS, американский и европейский рынок, работа в команде, НКО и благотворительность;https://cz.linkedin.com/in/ludmila-timonina, ТГ @timonina
Ксения Китнюк;Product owner в  IT-компании г. Краснодар;Продакт менеджмент;7;Да, менеджер по развитию продуктов 4 года;Поиск слабых мест в командах, бизнес-процессах, в процесса работы с клиентами, провалы в экономике, за счёт чего можно повысить прибыль и эффективность без привлечения финансовых ресурсов.;Напишите на почту k.kitnyuk@gmail.com и в телеграм @KitnyukKsu
Арсений;Group Product Manager - Pipedrive (Tallinn, также возможно Санкт-Петербург);Продакт менеджмент;7;Тоже SaaS;Виденье продукта и долгосрочная стратегия, анализ рынка и пользователей (количественный и качественный), коммуникации внутри компании;https://ru.linkedin.com/in/arseniy-titorenko    (или facebook)
Алексей Хандоженко;Руководитель продуктов в OneTwoTrip;Продакт менеджмент;7;Год работы фронтендером;Командная работа, исследования, генерация и проверка гипотез;Телеграм @akhandozhenko
Юлия Киселева;Product Ops Manager в Shopify, Берлин, Германия;Продакт менеджмент;7;6, Product Manager;Продакт менеджмент для начинающих, работа с инженерной командой, роадмапы, аджайл, выстраивание процессов, коммуникация со стейкхолдерами, запуск продукта с нуля, работа в интернациональной команде;yulia.kiseleva.career@gmail.com
Дмитрий Румбешта;Head of fintech products, Cardsmobile, Saint-Pete, Russia;Продакт менеджмент;7;"Руководил командами по созданию разных финтех продуктов: от ДБО до бесконтактной оплаты токенами. Кроме того, создал с нуля бизнес-банк для малого бизнеса в Великобритании в роли CPO.
До этого некоторе время руководил студией заказной разработки и создал свой стартап в области передачи видео-потоков, не ставший популярным.";Unit-экономика, product discovery, формирование и проверка гипотез, качественные исследования, формирование продуктовой команды и отлаживание процессов;tg: @rumbeshta
Михайлова Наталия;Руководитель группы развития рекомендаций, Яндекс Маркет https://market.yandex.ru/;Продакт менеджмент;7;нет;работа продакта в ML командах, e-commerce, проверка гипотез до AB, приоритизация продуктового беклога;ns.shap@gmail.com
Иван Бойцов;Product Owner, Aviasales, Phuket;Продакт менеджмент;7;Аналитик по информационной безопасности, 3 года, в вендоре;Управление продуктами, командами разработки, аналитика, B2B;t.me/ivanboytsov
Марина Синицына;Client Consulting Manager в Visa (Москва);Продакт менеджмент;7;7 лет - продакт в банках/финтехе;Запуск продуктов с нуля, стратегия, построение и коммуникация в команде;Телеграмм - @marinasini
Anastasia Artemova;Product Manager & entrepreneur in residence at Entrepreneur First;Продакт менеджмент;6;4 years in graphic design and 2 years in QA;Product strategy & road mapping, user research. Team building(product team). How to work with data science;artmva@gmail.com, LinkedIn http://linkedin.com/in/artmva
Илья Колесников;Руководитель продукта MY.GAMES Cloud в Mail.ru;Продакт менеджмент;6;CPO международного киберспортивного стартапа Learn2Play 3 года, Проджект менеджер по digital маркетингу в DentsuAegis 2 года;Управление командой, мотивация, рост команды, коммуникация, стратегия;Лучше всего в телеграмме - @jarcel
Яна Арсютина;Директор по цифровым продуктам в Нетологии (Москва);Продакт менеджмент;6;Управление проектами (4 года);Стратегия, планирование и риски, управление командами, управление проектами, управление продуктовыми командами;в telegram — @yanaumova
Dmitry Petrashev;Product Lead at Toptal;Продакт менеджмент;7;Business Analyst (4+);"Почти 5 лет работаю продактом на удаленке в одной из самых больших полностью распределенных (добровольно!) команд в мире:
- умею в интервью юзеров на английском и выжимку инсайтов
- прособеседовал более 50 продактов к нам в компанию, при этом у нас довольно накатанный процесс, который не помешает знать любому кто ищет работу
- умею работать с данными, у нас это считается обязательным навыком, поэтому могу поделиться как работать в data-informed культуре
- компания работает по ОКРам, поэтому могу рассказать как с этим жить, как оно работает с роадмапом и как научиться ОКРы составлять";лучше на почту - dmitry.petrashev@yandex.ru
Сергей Поляков;Продакт в Спортмастере;Продакт менеджмент;6;Product Manager/Product Owner в геймдеве, финансах и екоме;Стратегия, проработка роадмапов, прототипирование, создание mvp, поиск точек роста, формулирование и проверка гипотез;Телеграм @shenwell
Света Кузьменко;Senior Product Manager в Falcon.io (Копенгаген);Продакт менеджмент;6;редактор на радио (1 год), клиентская поддержка и локализация (2 года);Стратегия и дорожная карта, работа команды,  изучение целевой аудитории, расстановка приоритетов, ведение проектов;svetlanakuzmenko@gmail.com
Мария Фоменко;Продакт менеджер в Star (сервисная компания), ранее в продуктовой компании - маркетплейс. Киев;Продакт менеджмент;6;клиент-сервис в рекламных агентствах (2 года), исследователь в маркетинговых исследованиях (1 год);дизайн пользовательских систем, UX, коммуникация со стейкхолдерами, построение продуктовых процессов в команде;telegram @mahoney001
Chernysheva Elena;продакт менеджер, Яндекс (Москва и Санкт-Петербург);Продакт менеджмент;6;"до этого 5 лет руководитель проектов в продуктовой компании; 2 года программист";аналитика,  составление роадмапов, юнит-экономика;телеграм @chernysheva_elena
Токмаков Александр;Такси Везет, Senior Product Manager;Продакт менеджмент;6;BDM;Продуктовые процессы, приоритизация, проектирование, релиз менеджмент;Телеграм - atokmakov, https://www.facebook.com/alex.tokmakov.3
Игорь Соловьев;CPO в Rutube, Москва;Продакт менеджмент;6;4 года технологический консалтинг;"1. Коммуникация (как делать так, чтобы другая сторона понимала то, что ты хотел сказать, а не что-то другое)
2. Построение продуктовой практики в условиях, когда руководители выше тебя не являются продактами. 
3. Стартовые шаги в профессии и переход в продакты";@Igor_Solovyev в телеге
Александр;Product/Project manager в Сбере;Продакт менеджмент;6;Да, 6 лет в ИТАЛИИ-поддержке, 5 лет в продажах;Бизнес-анализ, управление продуктом, управление проектом;vinikovetsky@gmail.com
Вазген;Менеджер по продукту в Яндексе (Москва);Продакт менеджмент;6;До Яндекса жил и работал в США. Сначала у меня была своя компания в образовательной сфере (роль со-основателя и CEO, занимался бизнесом и продуктом). Потом работал в ecom стартапе в роли Product Manager, отвечал за B2B2C решение, увеличивающее конверсии в покупку на мобильных девайсов. Также есть опыт в роли продуктового консультанта в разных сферах.;"1) Коммуникация/Навыки взаимодействия с людьми
2) Составление роадмапов и приоритизация
3) Поиск product/market fit";Телеграм @VazgenBad
Павел Бунтман;Ведущий менеджер образовательных проектов, Redmadrobot, Москва;Продакт менеджмент;6;Более 15 лет опыта работы переводчиком, 4 года работал проджектом в ритейле (настольные игры), продюсировал комиксы.;Пользовательские исследования, управление проектами с креативным продакшном, геймификация в образовании и в бизнес-процессах.;email: pbuntman@gmail.com/TG: @Buntman
Владимир Воладорес;Head of Product, маркетплейс «Простор» (стартап), москва;Продакт менеджмент;6;Да, был. Несколько лет unix-админом/программистом, четыре года аналитиком и проектировщиком интерфейсов, три года руководителем команд в геймдеве, полтора года руководителя департамента в IT (6 направлений, 50 человек).;"1. Найм людей и формирование команд под проекты. 
2. Управление продуктом (от придумывания идей, до превращения в концепцию, создание иерархии метрик и т.п.)
3. Выстраивание процессов разработки с нуля. Я работал на разных уровнях и разных должностях, знаю процесс от и до.
4. Мотивация людей, внедрение OKR.
5. Социальная психология в контекстах управления людьми и создания/продвижения продуктов. Мой опыт подкреплён научными знаниями, почему работают те или иные вещи.";vladimir.voladores@gmail.com и telegram @vladimirvoladores
Роман Шелехов;CPO, Таможенная карта (tamo), Москва;Продакт менеджмент;7;"12 лет в дизайне - от полиграфии(журналов, газет, элементов фирменного стиля) до проектирования сложных и нагруженных финтех решений; 

5 лет финансового анализа и инвестиций - построение финансовых моделей и стратегическое планирование; анализ кредитных рисков, оценка стартапов, помощь в привлечении инвестиций; 

3 года инжиниринг на сложном производстве (компьютерное моделирование физических процессов сложных электронных компонентов).";"- всё что связано с дизайном в продукте - процессы, философия, систематизация, эстетика, инструменты;

- управление продуктом и командой - с чего начать, как выстроить процесс, как формулировать и проверять гипотезы, как верифицировать результат, и как всё это доносить до команды, мотивировать её на работу с продуктом и правильно модерировать споры и разногласия;

- стратегическое планирование - как определить продукт, что такое миссия / видение продукта, зачем они нужны и как их сформировать, как составить стратегию продукта, как донести всё это до команды продукта/компании";telegram: @ami_mi
Татьяна Потапова;senior product manager, Yandex;Продакт менеджмент;7;project management, development - 5;продуктовая разработка технически сложных продуктов, ранний евангелизм;tmpotapova@gmail.com/potapcha tg
Игорь Седачёв;Senior Product Manager, Авито, Москва;Продакт менеджмент;7;Реклама и маркетинг, CRM (Leo Burnett Russia, Convergent). 5 лет;Продуктовые стратегии, продуктовый маркетинг, social shopping, проверка гипотез, определение потребностей целевой аудитории, разработка mvp.;sedachev@gmail.com
Аня Булаева;менеджер по продукту в онлайн кинотеатре more.tv (Москва);Продакт менеджмент;8;1,5 года QA;аналитика, юнит-экономика, стратегия, рекомендационные алгоритмы;телеграмм @bulaeva
Артур Тузбеков;Рукодитель портфеля продуктов МТС ( CPO Умный офис/дом);Продакт менеджмент;9;С 2011 года в продакт менеджменте. Есть опыт  успешного запуска B2C и B2B продуктов. Это были и собственные продукты компании, так и продукта в партнерстве с другими компаниями. С 2005 года работают в телекоммуникациях.;С 2013 года управляю продуктовыми подразделениями. За время работы множество раз успешно защищал инвестиции и стратегии по развитии своих направлений. Отличная теоретическая подготовка в области управления проектами (сертификат PMP) и продуктами.;@turchan - телеграмм
Михаил Царев;Менеджер продукта в Aventi.ca (Москва);Продакт менеджмент;9;Работал продактом в крупных компаниях (ok.ru, avito) и стартапах. Есть опыт b2c и b2b. Преподавал управление проектами в ИТМО и Бауманке;Построение команды, коммуникация, аналитика;Telegram @miktsarev
Ксения Хизова;CPO, президентская платформа СРО;Продакт менеджмент;8;Да, в должности СМО - 5 лет;Разработка продукта с нуля. Тестирование гипотез. Инструменты удержания и вовлечения пользователей. Веб платформы и мобильные приложения.;Почта hizova.ks@gmail.com
Замир;Руководитель продуктов и проектов в Интерфакс (Москва);Продакт менеджмент;7;Программист 10 лет;Упраление проектом,  управление продуком, управление рисками, работа с командой, коммуникация, аналитика, статистика;z@musaev.me
Vladimir Dolgolevetc;Product owner at 3Commas.io (Tallin);Продакт менеджмент;7;3 года бизнес - аналитик, опыт предпринимательства в IT сфере, оказывал услуги консалтинга для стартапов и для не стартапов;Хорошо понимаю SAAS сервисы как бизнес, особенности таких проектов, подводные камни в b2b / b2c сегментаx. Знаю особенности мобильной разработки и custdev для разных продуктов. Помогу применить системный подход к работе;@dolgolevetsw
Ваня Смирнов;Руководитель, Яндекс.Услуги(Москва);Продакт менеджмент;8;Нет;Исследования(регулярно провожу качественный исследования(глубинки, UX),количественный(опросы и AB)), стратегия(создавал стратегию нескольких сервисов в яндексе)), юнит-экономика(был на роли CMO и CFO);https://t.me/Buzzzzz
Екатерина Лысенко;Technical Product Owner;Продакт менеджмент;14;Аналитик, проектный менеджер;API, системы идентификации пользователей, платежные системы, транспортная отрасль;@eslysenko
Tigran Baseyan;Генеральный директор geekz.ru, веду программы для студентов МИРЭА, Финашки. Москва;Продакт менеджмент;11;Нет;People management, образование, как деятельность;@tintobro
Ольга Курицына;Head of product, Flocktory;Продакт менеджмент;15;4 года как продакт лид;"Предметные области, в первую очередь, это MarTech и AdTech, B2B.
Начинала свой рабочий путь в небольшой EdTech компании, и продолжила в Яндексе. Большая часть моего опыта получена в Mail.Ru, где сначала отвечала за главную страницу портала и её перезапуск, потом за рекламную монетизацию проектов Почта, главная и медиапроекты.  Потом отвечала за новые проекты в департаменте рекламных технологий в Mail.Ru.";telegram @olgakuritsyna
Сергей;эксперт в области дейтинга и социальных сетей;Продакт менеджмент;16;Product manager, CPO;Моя сильная сторона — знание процессов в дейтинге и в социальных сетях. Мотивация, активация, достижение целей, эмоциональные карты.;@rastrub в Телеграме
Вера Александровская;Продакт менеджер в Яндекс.Алиса;Продакт менеджмент;11;5 лет в аналитике и управлении командами;"- голосовые интерфейсы, голосовые или виртуальные помощники, технологии понимания естественной речи
- менеджмент ML продукта
- разработка стратегии
- запуск собственного инициативного проекта/продукта внутри компании, разработка бизнес-кейса";Телеграмм @na_qoy_qatsi
Дмитрий Акеньшин;Сбер (Москва);Продакт менеджмент;10;20;Вывод новых продуктов на рынок от идеи до масштабирования, Стратегия для стартапов и малых предприятий;https://t.me/stasukas
Дмитрий;Product owner в Банке Открытие;Продакт менеджмент;10;Нет;Юнит-экономика, создание и развитие стартапа, аналитика, умение сконцентрироваться на главном;89264205372
Женя Капитонова;Я работаю руководителем команды разработки платежной системы в Deutsche Bank Development Center в Москве. Кратко - моя роль это IT Product Owner для платежной системы (мои основные counterparts - это Business Product Team, которые выступают в роли бизнес заказчиков и IT / Business команды из смежных проектов, с которыми мы делаем совместные проекты). До этого работала в проектах связанных с FX trading / Risk Management и автоматизацией trading процессов. Реализовывала сложные регуляторные программы (Mifid II).;Продакт менеджмент;15;До этого 8 лет разного опыта на проектах в DB в сфере FX Trading - роли Руководитель Проектов/Программ/IT Product owner, до этого опыт работы как QA Lead в EPAM systems;"эффективные коммуникации и процессы в  международных и распределенных командах; 
Командная работа эффективные коммуникации со стейкхолдерами и внутри разработки,

управление проектами, метрики эффективности

управление и внедрение изменений в продукт, работу команды (как понимать и делать самое главное для продукта в условиях ограниченных ресурсов)

как эффективно выстраивать процесс планирования и управления зависимостями на внешние команды / продукты

как делать сложные проекты для FinTech в банке

как нанимать людей в команду";star.xii@gmail.com
