﻿name;position;profession;profexp;anotherexp;strongs;contacts
Георгий Думикян;Начальник отдела развития клиентского сервиса МТС;Служба поддержки, customer success;2;2 года в ВТБ начальник отдела развития процессов обслуживания, 8 лет в МТС ОТ оператора до рук напа;Стратегия, коммуникация, Customer service, Customer experience, управление проектами, процессами, аналитика;+79151352525 WhatsApp, telegram
Виталий Порунов;Partner Operations Manager, Russia and CEE, Google, Dublin;Служба поддержки, customer success;2;бизнес аналитик, веб-аналитик, 2 года;product operations management, product support, стейкхолдер менеджмент, product-support collaboration;Telegram: @vitaly_porunov
Дарья;Amplitude, Amsterdam, Scale Success Manager (разработка програм для внедрения продукта);Служба поддержки, customer success;3;3 года в продажах, 1 год в поддержку;"Customer-facing: мыслить как клиент, коммуникация, построение бизнес процесс (как для клиента, так и внутри команды, для формирования бизнес-услуги)
Процессы внутри команды: аналитический подход, отсеивание невыгодных бизнесу идей и процессов 
Аналитика: сегодня каждый в техе должен понимать как посчитать свои результаты, мыслить как product manager должен почти каждый marketing, customer success, sales - это залог успеха 

Я переезжала 2 раза. В 17 лет я переехала в Эстонию, с 0 знанием языка, выучила за 1 год и поступила на факультет психологии, в 29 я переехала в Амстердам (решения приняла за 1 день). Путь к этому шел несколько лет, и я рада поделится своими психологическими лайфхаками и житейскими. 

Психология: это мое второе ""я"". Пока я наблюдатель в этой сфере, и с 15 лет занимаюсь этим. Рада делиться всеми инсайтами, которые я приобрела за все это время.";Телеграм d_eibert
Гайдиенко Антон;Customer Success Manager, ApprovalMax, Москва;Служба поддержки, customer success;4;Продажи и BizDev - 5;Мне интересна тема Customer Success Management, удержание клиента, продажи в текущей клиентской базе. Взаимодействие коммерческой службы  с разработчиками и продакт-менеджментом.;"@etotoxa - телеграм; anton.gaydienko@gmail.com"
Настя;Руководитель службы поддержки, Lalafo;Служба поддержки, customer success;6;Журналист, Менеджер по продажам;"Управление и мотивация удаленной командой, работа службы поддержки, custdev. Могу помочь с построением отдела поддержки с 0, помочь добавить ""души"" и эмпатии в отдел поддержки и научить работать со ""сложными"" клиентами. Также, могу поделиться опытом, как проводить кастдев с ограниченными временными ресурсами и с учетом того, что пользователи находятся в разных странах.";Telegram @nastya_str
Анна Башкирова;Head of Customer Support Outsourcing Department, devtodev, Россия, Иваново;Служба поддержки, customer success;8;преподаватель, технический переводчик;Мой опыт в саппорте в основном про мобильные приложения, в большей степени игры. По долгу службы помогаю компаниям создавать службы поддержки, а также включаюсь в уже существующие команды в качестве вендора, консультанта. Умею организовать работу службы поддержки from scratch, находить болевые места, прорабатывать их и повышать эффективность команд, что в конечном счете положительно сказывается и на пользовательском опыте.;@haZzzzze
Екатерина;Я работаю в благотворительном фонде в СПБ. В команде Talent и;Служба поддержки, customer success;10;Все, что связано с клиентами и сервисом -мой опыт и любовь;Развитие и Организация клиентского сервиса. Построение команд в обслуживании, развитие сотрудников с нуля до аналитиков и продактов;katedaumovie@gmail.com
