﻿name;position;profession;profexp;anotherexp;strongs;contacts
Татьяна Чернявская;UsabilityLab (Москва);UX исследования;5;Бизнес-аналитик, технический писатель;Проектирование сложных систем, исследования пользователей и продукта, UX-тестирования всех мастей;https://www.facebook.com/tanyachernvsk
Дина Шаронова;Москва, UX-лид Точка Банк;UX исследования;4;Яндекс.Маркет, Авито;"- выстраивание процессов исследований в продукте
- исследования и продуктовые метрики
- сочетание качественных и количественных исследований
- менторство, лидерство, грейдирование продуктов и ux- специалистов
- тестирование новых методологий в компании - cjm, персоны, дизайн-мышления";Tg @dinasharonova Можно на ты. Помогу с конкретными запросами, с вопросами - хочу повысить уровень UX, поможет Гугл)
Софья Коростелева;ux-специалист, AIC, Москва;UX исследования;5;не было;качественные исследования, создание персон и CJM;телеграмм: s_korosteleva
Диана Прокушева;UX researcher в SEMrush;UX исследования;6;UX designer - 4 года;qualitative research methods, quantitative research methods, benchmarking the user experience;d.prokusheva@semrush.com
Недялкова Анастасия;Ведущий UX-исследователь, Авито, Москва;UX исследования;6;Нет;Продуктовые исследования и проектирование интерфейсов. Работа внутри продуктовой команды.    Карьерный трек.;Telegram @aanedyalkova
Максим Королёв;Head of UX Research, Acronis, Москва;UX исследования;7;"Маркетинг в медицине, полтора года; продакт менеджмент, год";"Продуктовые исследования (UX, маркетинговые, UX+аналитика), запуск исследований в b2b и b2c с нуля, встраивание UX исследований в agile процесс.
Горизонтальный рост в организациях (как параллельно с основным направлением попробовать себя в ещё одном, и расти в обоих)";https://t.me/Node_of_Ranvier
Лара Сорокина;"UX-Designer&Researcher; Zeiss, Usabilitylab; Weimar";UX исследования;8;0;UX-дизайн, UX-исследования;t.me/wid0ki
Дмитрий Силаев;Руководитель направления UX/CX;UX исследования;13;Продажи, общепит, интервьюер;Выявление потребностей, ux/cx-аудит, качественные исследования, формирование видения развития продукта;silaev.ux@gmail.com
